"","plot","sp_group","coverage","species_id2"
"1","K_H_1_S","",1,"vanlig styvstarr"
"2","K_H_1_S","",1,"dvärgvide"
"3","K_H_1_S","",5,"betula nana"
"4","K_H_1_S","",30,"crowberry"
"5","K_H_1_S","",15,"lingon"
"6","K_H_1_S","",1,"odon"
"7","K_H_1_S","",1,"fjäll lummer"
"8","K_H_1_S","lichen",1,"lichen"
"9","K_H_1_S","moss and liverwort",1,"moss and liverwort"
"10","K_H_1_S","",1,"lummer"
"11","K_H_1_S","",1,"klynnetåg"
"12","K_H_1_C","lichen",30,"lichen"
"13","K_H_1_C","moss and liverwort",1,"moss and liverwort"
"14","K_H_1_C","moss and liverwort",30,"moss and liverwort"
"15","K_H_1_C","",1,"betula nana"
"16","K_H_1_C","",1,"vanlig styvstarr"
"17","K_H_1_C","",1,"fibbla"
"18","K_H_1_C","lichen",1,"lichen"
"19","K_H_1_C","",1,"lingon"
"20","K_H_1_C","",1,"crowberry"
"21","K_H_1_T","",60,"betula nana"
"22","K_H_1_T","",1,"crowberry"
"23","K_H_1_T","",1,"vanlig styvstarr"
"24","K_H_1_T","lichen",1,"lichen"
"25","K_H_1_T","moss and liverwort",30,"moss and liverwort"
"26","K_H_1_T","moss and liverwort",1,"moss and liverwort"
"27","K_H_2_S","",1,"vanlig styvstarr"
"28","K_H_2_S","",50,"crowberry"
"29","K_H_2_S","lichen",1,"lichen"
"30","K_H_2_S","",25,"lingon"
"31","K_H_2_S","",1,"ripbär"
"32","K_H_2_S","",1,"betula nana"
"33","K_H_2_S","",1,"odon"
"34","K_H_2_S","moss and liverwort",1,"moss and liverwort"
"35","K_H_2_C","",1,"lingon"
"36","K_H_2_C","",1,"blueberry"
"37","K_H_2_C","",1,"betula nana"
"38","K_H_2_C","",1,"vanlig styvstarr"
"39","K_H_2_C","",1,"crowberry"
"40","K_H_2_C","moss and liverwort",15,"moss and liverwort"
"41","K_H_2_C","moss and liverwort",1,"moss and liverwort"
"42","K_H_2_C","lichen",1,"lichen"
"43","K_H_2_C","lichen",40,"lichen"
"44","K_H_2_T","",70,"betula nana"
"45","K_H_2_T","",1,"crowberry"
"46","K_H_2_T","",1,"lingon"
"47","K_H_2_T","",1,"salix"
"48","K_H_2_T","moss and liverwort",1,"moss and liverwort"
"49","K_H_2_T","moss and liverwort",80,"moss and liverwort"
"50","K_H_2_T","lichen",1,"lichen"
"51","K_H_2_T","",1,"vanlig styvstarr"
"52","K_H_3_S","",50,"crowberry"
"53","K_H_3_S","",15,"lingon"
"54","K_H_3_S","",10,"odon"
"55","K_H_3_S","lichen",1,"lichen"
"56","K_H_3_S","",1,"betula nana"
"57","K_H_3_S","",1,"vanlig styvstarr"
"58","K_H_3_S","moss and liverwort",1,"moss and liverwort"
"59","K_H_3_S","moss and liverwort",10,"moss and liverwort"
"60","K_H_3_C","",1,"vanlig styvstarr"
"61","K_H_3_C","",1,"lingon"
"62","K_H_3_C","",1,"odon"
"63","K_H_3_C","",1,"betula nana"
"64","K_H_3_C","",1,"crowberry"
"65","K_H_3_C","lichen",1,"lichen"
"66","K_H_3_C","lichen",60,"lichen"
"67","K_H_3_C","moss and liverwort",1,"moss and liverwort"
"68","K_H_3_C","",1,"blueberry"
"69","K_H_3_C","",80,"betula nana"
"70","K_H_3_C","",25,"crowberry"
"71","K_H_3_C","moss and liverwort",50,"moss and liverwort"
"72","N_L_1_T","",70,"betula nana"
"73","N_L_1_T","",60,"crowberry"
"74","N_L_1_T","",15,"odon"
"75","N_L_1_T","",15,"lingon"
"76","N_L_1_T","",5,"equisetum pratense"
"77","N_L_1_T","",1,"calamagrostis"
"78","N_L_1_T","lichen",1,"lichen"
"79","N_L_1_T","moss and liverwort",10,"moss and liverwort"
"80","N_L_1_T","moss and liverwort",1,"moss and liverwort"
"81","N_L_1_S","",5,"equisetum pratense"
"82","N_L_1_S","",5,"betula nana"
"83","N_L_1_S","",50,"odon"
"84","N_L_1_S","",1,"cloudberry"
"85","N_L_1_S","",15,"lingon"
"86","N_L_1_S","",50,"crowberry"
"87","N_L_1_S","",5,"calamagrostis"
"88","N_L_1_S","",1,"rosling"
"89","N_L_1_S","lichen",5,"lichen"
"90","N_L_1_S","lichen",1,"lichen"
"91","N_L_1_S","moss and liverwort",10,"moss and liverwort"
"92","N_L_1_S","moss and liverwort",1,"moss and liverwort"
"93","K_MH_3_S","",85,"crowberry"
"94","K_MH_3_S","",1,"lingon"
"95","K_MH_3_S","",10,"odon"
"96","K_MH_3_S","lichen",10,"lichen"
"97","K_MH_3_S","",5,"betula nana"
"98","K_MH_3_S","lichen",1,"lichen"
"99","K_MH_3_S","moss and liverwort",1,"moss and liverwort"
"100","K_MH_3_S","",1,"cloudberry"
"101","K_MH_3_S","moss and liverwort",50,"moss and liverwort"
"102","N_H_1_C","",1,"betula nana"
"103","N_H_1_C","",15,"odon"
"104","N_H_1_C","",20,"crowberry"
"105","N_H_1_C","lichen",40,"lichen"
"106","N_H_1_C","lichen",1,"lichen"
"107","N_H_1_C","",1,"lingon"
"108","N_H_1_C","moss and liverwort",50,"moss and liverwort"
"109","N_H_1_C","moss and liverwort",1,"moss and liverwort"
"110","N_H_1_C","",15,"calamagrostis"
"111","N_H_2_C","",5,"betula nana"
"112","N_H_2_C","",20,"crowberry"
"113","N_H_2_C","",10,"odon"
"114","N_H_2_C","",1,"lingon"
"115","N_H_2_C","",10,"calamagrostis"
"116","N_H_2_C","lichen",50,"lichen"
"117","N_H_2_C","lichen",1,"lichen"
"118","N_H_2_C","moss and liverwort",60,"moss and liverwort"
"119","N_H_2_C","moss and liverwort",1,"moss and liverwort"
"120","N_H_3_C","",20,"odon"
"121","N_H_3_C","",20,"betula nana"
"122","N_H_3_C","",1,"lingon"
"123","N_H_3_C","lichen",60,"lichen"
"124","N_H_3_C","",25,"crowberry"
"125","N_H_3_C","lichen",1,"lichen"
"126","N_H_3_C","",1,"calamagrostis"
"127","N_H_3_C","moss and liverwort",40,"moss and liverwort"
"128","N_H_3_C","moss and liverwort",1,"moss and liverwort"
"129","N_H_1_S","",1,"calamagrostis"
"130","N_H_1_S","",15,"odon"
"131","N_H_1_S","lichen",1,"lichen"
"132","N_H_1_S","",1,"lingon"
"133","N_H_1_S","moss and liverwort",1,"moss and liverwort"
"134","N_H_1_S","",80,"crowberry"
"135","N_H_1_S","",15,"betula nana"
"136","N_H_1_S","lichen",20,"lichen"
"137","N_H_1_S","moss and liverwort",30,"moss and liverwort"
"138","N_H_2_S","",85,"crowberry"
"139","N_H_2_S","",5,"calamagrostis"
"140","N_H_2_S","",10,"odon"
"141","N_H_2_S","",10,"betula nana"
"142","N_H_2_S","lichen",15,"lichen"
"143","N_H_2_S","lichen",1,"lichen"
"144","N_H_2_S","moss and liverwort",35,"moss and liverwort"
"145","N_H_2_S","moss and liverwort",1,"moss and liverwort"
"146","N_H_2_S","",1,"lingon"
"147","N_H_1_T","",50,"betula nana"
"148","N_H_1_T","",70,"crowberry"
"149","N_H_1_T","",1,"lingon"
"150","N_H_1_T","",10,"salix"
"151","N_H_1_T","",15,"odon"
"152","N_H_1_T","",5,"calamagrostis"
"153","N_H_1_T","",1,"cloudberry"
"154","N_H_1_T","lichen",10,"lichen"
"155","N_H_1_T","moss and liverwort",15,"moss and liverwort"
"156","N_H_1_T","moss and liverwort",1,"moss and liverwort"
"157","N_H_1_T","lichen",1,"lichen"
"158","N_H_3_S","",75,"crowberry"
"159","N_H_3_S","",5,"lingon"
"160","N_H_3_S","",5,"odon"
"161","N_H_3_S","",10,"calamagrostis"
"162","N_H_3_S","lichen",10,"lichen"
"163","N_H_3_S","",1,"cloudberry"
"164","N_H_3_S","",20,"betula nana"
"165","N_H_3_S","lichen",1,"lichen"
"166","N_H_3_S","moss and liverwort",15,"moss and liverwort"
"167","N_H_3_S","moss and liverwort",1,"moss and liverwort"
"168","N_H_2_T","",80,"betula nana"
"169","N_H_2_T","",10,"crowberry"
"170","N_H_2_T","",5,"lingon"
"171","N_H_2_T","",10,"salix"
"172","N_H_2_T","lichen",5,"lichen"
"173","N_H_2_T","",10,"calamagrostis"
"174","N_H_2_T","",1,"odon"
"175","N_H_2_T","moss and liverwort",70,"moss and liverwort"
"176","N_H_2_T","moss and liverwort",1,"moss and liverwort"
"177","N_H_2_T","lichen",1,"lichen"
"178","N_H_3_T","",70,"betula nana"
"179","N_H_3_T","",30,"salix"
"180","N_H_3_T","",10,"calamagrostis"
"181","N_H_3_T","",70,"crowberry"
"182","N_H_3_T","",10,"odon"
"183","N_H_3_T","",1,"lingon"
"184","N_H_3_T","moss and liverwort",10,"moss and liverwort"
"185","N_H_3_T","moss and liverwort",1,"moss and liverwort"
"186","N_H_3_T","",1,"linnea blomma"
"187","N_H_3_T","lichen",1,"lichen"
"188","N_H_3_T","",1,"kruståtel"
"189","N_MH_1_C","",5,"ripbär"
"190","N_MH_1_C","",1,"odon"
"191","N_MH_1_C","",1,"vanlig styvstarr"
"192","N_MH_1_C","",1,"betula nana"
"193","N_MH_1_C","",5,"crowberry"
"194","N_MH_1_C","",1,"equisetum scirpoides"
"195","N_MH_1_C","",1,"lapskalpros"
"196","N_MH_1_C","lichen",60,"lichen"
"197","N_MH_1_C","",5,"fjällsippa"
"198","N_MH_1_C","lichen",1,"lichen"
"199","N_MH_1_C","",5,"fjällvedel"
"200","N_MH_1_C","",1,"calamagrostis"
"201","N_MH_1_C","moss and liverwort",40,"moss and liverwort"
"202","N_MH_1_C","moss and liverwort",1,"moss and liverwort"
"203","N_MH_1_C","",1,"fjällspira"
"204","N_MH_2_C","",5,"ripbär"
"205","N_MH_2_C","",10,"crowberry"
"206","N_MH_2_C","",1,"salix"
"207","N_MH_2_C","",5,"odon"
"208","N_MH_2_C","",1,"betula nana"
"209","N_MH_2_C","",1,"equisetum scirpoides"
"210","N_MH_2_C","lichen",50,"lichen"
"211","N_MH_2_C","",5,"fjällvedel"
"212","N_MH_2_C","lichen",1,"lichen"
"213","N_MH_2_C","",1,"lapskalpros"
"214","N_MH_2_C","",1,"calamagrostis"
"215","N_MH_2_C","moss and liverwort",60,"moss and liverwort"
"216","N_MH_2_C","moss and liverwort",1,"moss and liverwort"
"217","N_MH_2_C","rock",5,"rock"
"218","N_MH_3_C","graminoid",5,"vanlig styvstarr"
"219","N_MH_3_C","",5,"crowberry"
"220","N_MH_3_C","",20,"odon"
"221","N_MH_3_C","graminoid",1,"calamagrostis"
"222","N_MH_3_C","",5,"fjällsippa"
"223","N_MH_3_C","",1,"fjällvedel"
"224","N_MH_3_C","",1,"equisetum scirpoides"
"225","N_MH_3_C","lichen",70,"lichen"
"226","N_MH_3_C","lichen",1,"lichen"
"227","N_MH_3_C","",1,"salix"
"228","N_MH_3_C","",1,"betula nana"
"229","N_MH_3_C","moss and liverwort",30,"moss and liverwort"
"230","N_MH_3_C","moss and liverwort",1,"moss and liverwort"
"231","N_MH_3_C","",1,"fjällgröna"
"232","N_MH_3_C","rock",5,"rock"
"233","N_MH_1_S","",15,"kantljung"
"234","N_MH_1_S","",1,"björnbrodd"
"235","N_MH_1_S","",1,"svarthö"
"236","N_MH_1_S","",15,"ripbär"
"237","N_MH_1_S","lichen",15,"lichen"
"238","N_MH_1_S","",10,"betula nana"
"239","N_MH_1_S","",1,"equisetum scirpoides"
"240","N_MH_1_S","lichen",1,"lichen"
"241","N_MH_1_S","",1,"vanlig styvstarr"
"242","N_MH_1_S","",1,"rosling"
"243","N_MH_1_S","moss and liverwort",35,"moss and liverwort"
"244","N_MH_1_S","",1,"fjällgröna"
"245","N_MH_1_S","moss and liverwort",1,"moss and liverwort"
"246","N_MH_1_S","",1,"ormrot"
"247","N_MH_1_S","",65,"crowberry"
"248","N_MH_1_S","",15,"odon"
"249","N_MH_1_T","",70,"betula nana"
"250","N_MH_1_T","",1,"salix"
"251","N_MH_1_T","",80,"crowberry"
"252","N_MH_1_T","",20,"odon"
"253","N_MH_1_T","",1,"kantljung"
"254","N_MH_1_T","",1,"fjällvedel"
"255","N_MH_1_T","",1,"equisetum scirpoides"
"256","N_MH_1_T","",1,"ripbär"
"257","N_MH_1_T","lichen",1,"lichen"
"258","N_MH_1_T","moss and liverwort",20,"moss and liverwort"
"259","N_MH_1_T","moss and liverwort",1,"moss and liverwort"
"260","N_MH_1_T","",1,"vanlig styvstarr"
"261","N_MH_1_T","",1,"ormrot"
"262","N_MH_2_S","",75,"crowberry"
"263","N_MH_2_S","",25,"odon"
"264","N_MH_2_S","",10,"betula nana"
"265","N_MH_2_S","",5,"fjällsippa"
"266","N_MH_2_S","lichen",5,"lichen"
"267","N_MH_2_S","lichen",1,"lichen"
"268","N_MH_2_S","moss and liverwort",1,"moss and liverwort"
"269","N_MH_2_S","",1,"vanlig styvstarr"
"270","N_MH_2_S","",1,"ripbär"
"271","N_MH_2_S","",1,"equisetum scirpoides"
"272","N_MH_2_S","moss and liverwort",40,"moss and liverwort"
"273","N_MH_2_S","",1,"calamagrostis"
"274","N_MH_2_S","",1,"fårsvingel"
"275","N_MH_2_T","",5,"salix"
"276","N_MH_2_T","",60,"betula nana"
"277","N_MH_2_T","",60,"crowberry"
"278","N_MH_2_T","",15,"odon"
"279","N_MH_2_T","lichen",5,"lichen"
"280","N_MH_2_T","",1,"fårsvingel"
"281","N_MH_2_T","",1,"vanlig styvstarr"
"282","N_MH_2_T","lichen",1,"lichen"
"283","N_MH_2_T","",1,"calamagrostis"
"284","N_MH_2_T","moss and liverwort",40,"moss and liverwort"
"285","N_MH_2_T","moss and liverwort",1,"moss and liverwort"
"286","N_MH_2_T","",1,"fjällvedel"
"287","N_MH_2_T","",1,"equisetum scirpoides"
"288","N_MH_3_S","",20,"betula nana"
"289","N_MH_3_S","",50,"crowberry"
"290","N_MH_3_S","",5,"ripbär"
"291","N_MH_3_S","",25,"odon"
"292","N_MH_3_S","",1,"fjällvedel"
"293","N_MH_3_S","",10,"kantljung"
"294","N_MH_3_S","",1,"björnbrodd"
"295","N_MH_3_S","lichen",5,"lichen"
"296","N_MH_3_S","",1,"equisetum scirpoides"
"297","N_MH_3_S","moss and liverwort",70,"moss and liverwort"
"298","N_MH_3_S","moss and liverwort",1,"moss and liverwort"
"299","N_MH_3_S","lichen",1,"lichen"
"300","N_MH_3_S","",1,"calamagrostis"
"301","N_MH_3_S","",1,"fårsvingel"
"302","N_MH_3_S","",1,"lapskalpros"
"303","N_MH_3_T","",60,"betula nana"
"304","N_MH_3_T","",60,"crowberry"
"305","N_MH_3_T","",10,"ripbär"
"306","N_MH_3_T","",10,"odon"
"307","N_MH_3_T","",1,"fjällsippa"
"308","N_MH_3_T","",1,"equisetum scirpoides"
"309","N_MH_3_T","",1,"ormrot"
"310","N_MH_3_T","",1,"spira"
"311","N_MH_3_T","lichen",1,"lichen"
"312","N_MH_3_T","",1,"fjällvedel"
"313","N_MH_3_T","graminoid",10,"fårsvingel"
"314","N_MH_3_T","",1,"kantljung"
"315","N_MH_3_T","moss and liverwort",50,"moss and liverwort"
"316","N_MH_3_T","moss and liverwort",1,"moss and liverwort"
"317","N_MH_3_T","graminoid",1,"calamagrostis"
"318","N_MH_3_T","",1,"lapskalpros"
"319","N_MH_3_T","",1,"tuvnarv"
"320","N_M_1_C","",10,"krypljung"
"321","N_M_1_C","",1,"fjällgröna"
"322","N_M_1_C","",15,"crowberry"
"323","N_M_1_C","",5,"betula nana"
"324","N_M_1_C","",5,"fjällsippa"
"325","N_M_1_C","",1,"odon"
"326","N_M_1_C","lichen",65,"lichen"
"327","N_M_1_C","",1,"vanlig styvstarr"
"328","N_M_1_C","",1,"lingon"
"329","N_M_1_C","lichen",1,"lichen"
"330","N_M_1_C","",1,"tätört"
"331","N_M_1_C","",1,"equisetum scirpoides"
"332","N_M_1_C","moss and liverwort",15,"moss and liverwort"
"333","N_M_1_C","moss and liverwort",1,"moss and liverwort"
"334","N_M_1_C","",1,"fårsvingel"
"335","N_M_1_C","rock",30,"rock"
"336","N_M_1_S","",1,"betula nana"
"337","N_M_1_S","",95,"crowberry"
"338","N_M_1_S","",1,"lingon"
"339","N_M_1_S","lichen",10,"lichen"
"340","N_M_1_S","",1,"odon"
"341","N_M_1_S","lichen",1,"lichen"
"342","N_M_1_S","",5,"ripbär"
"343","N_M_1_S","",1,"vanlig styvstarr"
"344","N_M_1_S","",1,"fårsvingel"
"345","N_M_1_S","",1,"calamagrostis"
"346","N_M_1_S","",1,"equisetum scirpoides"
"347","N_M_1_S","moss and liverwort",70,"moss and liverwort"
"348","N_M_1_S","moss and liverwort",1,"moss and liverwort"
"349","N_M_2_C","",5,"krypljung"
"350","N_M_2_C","",1,"fjällgröna"
"351","N_M_2_C","",1,"tätört"
"352","N_M_2_C","",1,"fjällsippa"
"353","N_M_2_C","",1,"lingon"
"354","N_M_2_C","",1,"vanlig styvstarr"
"355","N_M_2_C","",5,"betula nana"
"356","N_M_2_C","",1,"odon"
"357","N_M_2_C","",5,"crowberry"
"358","N_M_2_C","lichen",65,"lichen"
"359","N_M_2_C","lichen",1,"lichen"
"360","N_M_2_C","moss and liverwort",1,"moss and liverwort"
"361","N_M_2_C","",1,"ripbär"
"362","N_M_2_C","poop",5,"poop"
"363","N_M_2_C","rock",20,"rock"
"364","N_M_1_T","",70,"betula nana"
"365","N_M_1_T","",15,"odon"
"366","N_M_1_T","",70,"lingon"
"367","N_M_1_T","",1,"ripbär"
"368","N_M_1_T","moss and liverwort",35,"moss and liverwort"
"369","N_M_1_T","lichen",1,"lichen"
"370","N_M_1_T","",1,"equisetum scirpoides"
"371","N_M_1_T","moss and liverwort",1,"moss and liverwort"
"372","N_M_1_T","",1,"vanlig styvstarr"
"373","N_M_1_T","",1,"unknown"
"374","N_M_1_T","lichen",20,"lichen"
"375","N_M_1_T","",1,"fårsvingel"
"376","N_M_1_T","",1,"krypljung"
"377","N_M_1_T","rock",5,"rock"
"378","N_M_2_S","",1,"crowberry"
"379","N_M_2_S","",1,"ripbär"
"380","N_M_2_S","",1,"odon"
"381","N_M_2_S","",5,"betula nana"
"382","N_M_2_S","",15,"lingon"
"383","N_M_2_S","lichen",1,"lichen"
"384","N_M_2_S","",1,"vanlig styvstarr"
"385","N_M_2_S","",1,"calamagrostis"
"386","N_M_2_S","lichen",20,"lichen"
"387","N_M_2_S","",15,"fårsvingel"
"388","N_M_2_S","moss and liverwort",35,"moss and liverwort"
"389","N_M_2_S","moss and liverwort",1,"moss and liverwort"
"390","N_M_2_S","",1,"krypljung"
"391","N_M_2_T","",1,"equisetum pratense"
"392","N_M_2_T","",90,"betula nana"
"393","N_M_2_T","lichen",1,"lichen"
"394","N_M_2_T","",10,"crowberry"
"395","N_M_2_T","",20,"fårsvingel"
"396","N_M_2_T","",5,"odon"
"397","N_M_2_T","moss and liverwort",70,"moss and liverwort"
"398","N_M_2_T","moss and liverwort",1,"moss and liverwort"
"399","N_M_3_C","",5,"betula nana"
"400","N_M_3_C","",5,"odon"
"401","N_M_3_C","",10,"crowberry"
"402","N_M_3_C","",1,"ripbär"
"403","N_M_3_C","",5,"krypljung"
"404","N_M_3_C","",1,"vanlig styvstarr"
"405","N_M_3_C","",1,"lingon"
"406","N_M_3_C","",1,"klynnetåg"
"407","N_M_3_C","lichen",65,"lichen"
"408","N_M_3_C","lichen",1,"lichen"
"409","N_M_3_C","moss and liverwort",1,"moss and liverwort"
"410","N_M_3_C","rock",10,"rock"
"411","N_M_3_S","",80,"crowberry"
"412","N_M_3_S","",5,"ripbär"
"413","N_M_3_S","",1,"lingon"
"414","N_M_3_S","",5,"odon"
"415","N_M_3_S","",1,"vanlig styvstarr"
"416","N_M_3_S","lichen",1,"lichen"
"417","N_M_3_S","moss and liverwort",40,"moss and liverwort"
"418","N_M_3_S","moss and liverwort",1,"moss and liverwort"
"419","N_M_3_T","",70,"betula nana"
"420","N_M_3_T","",1,"ripbär"
"421","N_M_3_T","lichen",1,"lichen"
"422","N_M_3_T","",1,"odon"
"423","N_M_3_T","",1,"vanlig styvstarr"
"424","N_M_3_T","moss and liverwort",1,"moss and liverwort"
"425","N_M_3_T","lichen",10,"lichen"
"426","N_M_3_T","moss and liverwort",30,"moss and liverwort"
"427","N_M_3_T","",50,"crowberry"
"428","N_M_3_T","",45,"lingon"
"429","N_M_3_T","",10,"fårsvingel"
"430","N_LM_1_C","",1,"odon"
"431","N_LM_1_C","lichen",1,"lichen"
"432","N_LM_1_C","lichen",55,"lichen"
"433","N_LM_1_C","",1,"fjällgröna"
"434","N_LM_1_C","moss and liverwort",40,"moss and liverwort"
"435","N_LM_1_C","moss and liverwort",1,"moss and liverwort"
"436","N_LM_1_C","",1,"rosling"
"437","N_LM_1_C","",1,"björnbrodd"
"438","N_LM_1_C","",1,"lingon"
"439","N_LM_1_C","",1,"tätört"
"440","N_LM_1_C","",5,"krypljung"
"441","N_LM_1_C","",10,"crowberry"
"442","N_LM_1_C","",1,"betula nana"
"443","N_LM_1_C","rock",25,"rock"
"444","N_LM_1_T","",30,"betula nana"
"445","N_LM_1_T","",25,"lingon"
"446","N_LM_1_T","",10,"odon"
"447","N_LM_1_T","",5,"calamagrostis"
"448","N_LM_1_T","",5,"equisetum pratense"
"449","N_LM_1_T","moss and liverwort",1,"moss and liverwort"
"450","N_LM_1_T","moss and liverwort",15,"moss and liverwort"
"451","N_LM_1_T","lichen",1,"lichen"
"452","N_LM_1_T","",1,"cloudberry"
"453","N_LM_1_T","",35,"salix"
"454","N_LM_1_T","",95,"crowberry"
"455","N_LM_1_S","",75,"crowberry"
"456","N_LM_1_S","",5,"betula nana"
"457","N_LM_1_S","",5,"salix"
"458","N_LM_1_S","",5,"lingon"
"459","N_LM_1_S","",1,"cloudberry"
"460","N_LM_1_S","lichen",1,"lichen"
"461","N_LM_1_S","moss and liverwort",60,"moss and liverwort"
"462","N_LM_1_S","",5,"calamagrostis"
"463","N_LM_1_S","lichen",20,"lichen"
"464","N_LM_1_S","",1,"ripbär"
"465","N_LM_1_S","moss and liverwort",1,"moss and liverwort"
"466","N_LM_1_S","",10,"odon"
"467","N_LM_2_C","",1,"ripbär"
"468","N_LM_2_C","",1,"vanlig styvstarr"
"469","N_LM_2_C","",5,"krypljung"
"470","N_LM_2_C","",1,"fjällgröna"
"471","N_LM_2_C","",1,"björnbrodd"
"472","N_LM_2_C","",1,"ormrot"
"473","N_LM_2_C","",1,"lapskalpros"
"474","N_LM_2_C","",1,"tätört"
"475","N_LM_2_C","lichen",50,"lichen"
"476","N_LM_2_C","lichen",1,"lichen"
"477","N_LM_2_C","",1,"betula nana"
"478","N_LM_2_C","",1,"odon"
"479","N_LM_2_C","moss and liverwort",35,"moss and liverwort"
"480","N_LM_2_C","moss and liverwort",1,"moss and liverwort"
"481","N_LM_2_C","rock",30,"rock"
"482","N_LM_2_C","",1,"crowberry"
"483","N_LM_2_T","",30,"salix"
"484","N_LM_2_T","",50,"betula nana"
"485","N_LM_2_T","",50,"crowberry"
"486","N_LM_2_T","",10,"fårsvingel"
"487","N_LM_2_T","lichen",5,"lichen"
"488","N_LM_2_T","",1,"equisetum pratense"
"489","N_LM_2_T","lichen",1,"lichen"
"490","N_LM_2_T","moss and liverwort",1,"moss and liverwort"
"491","N_LM_2_T","moss and liverwort",70,"moss and liverwort"
"492","N_LM_2_T","",1,"lingon"
"493","N_LM_2_T","",1,"cloudberry"
"494","N_LM_2_S","",1,"betula nana"
"495","N_LM_2_S","",1,"vanlig styvstarr"
"496","N_LM_2_S","",1,"odon"
"497","N_LM_2_S","",65,"crowberry"
"498","N_LM_2_S","",5,"equisetum pratense"
"499","N_LM_2_S","moss and liverwort",75,"moss and liverwort"
"500","N_LM_2_S","moss and liverwort",1,"moss and liverwort"
"501","N_LM_2_S","lichen",15,"lichen"
"502","N_LM_2_S","lichen",1,"lichen"
"503","N_LM_2_S","",5,"calamagrostis"
"504","N_LM_2_S","",1,"lingon"
"505","N_LM_2_S","",30,"rosling"
"506","N_LM_2_S","",1,"cloudberry"
"507","N_LM_3_C","",1,"lingon"
"508","N_LM_3_C","",1,"odon"
"509","N_LM_3_C","",1,"rosling"
"510","N_LM_3_C","",1,"krypljung"
"511","N_LM_3_C","",1,"cloudberry"
"512","N_LM_3_C","",1,"equisetum pratense"
"513","N_LM_3_C","",1,"unknown"
"514","N_LM_3_C","",1,"calamagrostis"
"515","N_LM_3_C","lichen",1,"lichen"
"516","N_LM_3_C","",1,"fjällgröna"
"517","N_LM_3_C","lichen",75,"lichen"
"518","N_LM_3_C","moss and liverwort",1,"moss and liverwort"
"519","N_LM_3_C","",10,"crowberry"
"520","N_LM_3_S","",90,"crowberry"
"521","N_LM_3_S","",20,"betula nana"
"522","N_LM_3_S","",5,"odon"
"523","N_LM_3_S","",1,"cloudberry"
"524","N_LM_3_S","",5,"salix"
"525","N_LM_3_S","",5,"equisetum pratense"
"526","N_LM_3_S","",1,"fjällgröna"
"527","N_LM_3_S","lichen",1,"lichen"
"528","N_LM_3_S","",1,"björnbrodd"
"529","N_LM_3_S","",1,"lingon"
"530","N_LM_3_S","",1,"calamagrostis"
"531","N_LM_3_S","moss and liverwort",5,"moss and liverwort"
"532","N_LM_3_S","moss and liverwort",1,"moss and liverwort"
"533","N_LM_3_S","",1,"rosling"
"534","N_LM_3_T","",70,"betula nana"
"535","N_LM_3_T","",75,"lingon"
"536","N_LM_3_T","",15,"crowberry"
"537","N_LM_3_T","",5,"equisetum pratense"
"538","N_LM_3_T","lichen",1,"lichen"
"539","N_LM_3_T","",10,"calamagrostis"
"540","N_LM_3_T","moss and liverwort",1,"moss and liverwort"
"541","N_LM_3_T","moss and liverwort",70,"moss and liverwort"
"542","N_LM_3_T","lichen",5,"lichen"
"543","N_LM_3_T","",1,"vanlig styvstarr"
"544","N_L_2_T","",60,"betula nana"
"545","N_L_2_T","",20,"odon"
"546","N_L_2_T","",40,"crowberry"
"547","N_L_2_T","",30,"lingon"
"548","N_L_2_T","moss and liverwort",60,"moss and liverwort"
"549","N_L_2_T","lichen",10,"lichen"
"550","N_L_2_T","lichen",1,"lichen"
"551","N_L_2_T","moss and liverwort",1,"moss and liverwort"
"552","N_L_2_T","",1,"calamagrostis"
"553","N_L_2_S","",40,"ripbär"
"554","N_L_2_S","",10,"odon"
"555","N_L_2_S","",40,"crowberry"
"556","N_L_2_S","",1,"calamagrostis"
"557","N_L_2_S","",1,"betula nana"
"558","N_L_2_S","",1,"rosling"
"559","N_L_2_S","",10,"lingon"
"560","N_L_2_S","lichen",15,"lichen"
"561","N_L_2_S","lichen",1,"lichen"
"562","N_L_2_S","moss and liverwort",1,"moss and liverwort"
"563","N_L_3_T","",50,"betula nana"
"564","N_L_3_T","",75,"crowberry"
"565","N_L_3_T","",25,"odon"
"566","N_L_3_T","",1,"ripbär"
"567","N_L_3_T","lichen",10,"lichen"
"568","N_L_3_T","moss and liverwort",10,"moss and liverwort"
"569","N_L_3_T","lichen",1,"lichen"
"570","N_L_3_T","",10,"lingon"
"571","N_L_3_T","moss and liverwort",1,"moss and liverwort"
"572","N_L_3_T","",1,"calamagrostis"
"573","N_L_3_S","",80,"crowberry"
"574","N_L_3_S","",5,"betula nana"
"575","N_L_3_S","",5,"lingon"
"576","N_L_3_S","",5,"calamagrostis"
"577","N_L_3_S","lichen",1,"lichen"
"578","N_L_3_S","moss and liverwort",1,"moss and liverwort"
"579","N_L_3_S","",1,"odon"
"580","N_L_1_C","lichen",60,"lichen"
"581","N_L_1_C","",15,"crowberry"
"582","N_L_1_C","",5,"lingon"
"583","N_L_1_C","moss and liverwort",10,"moss and liverwort"
"584","N_L_1_C","moss and liverwort",1,"moss and liverwort"
"585","N_L_1_C","lichen",1,"lichen"
"586","N_L_1_C","",10,"calamagrostis"
"587","N_L_1_C","",1,"betula nana"
"588","N_L_2_C","lichen",40,"lichen"
"589","N_L_2_C","",25,"crowberry"
"590","N_L_2_C","",10,"betula nana"
"591","N_L_2_C","",10,"lingon"
"592","N_L_2_C","",1,"equisetum pratense"
"593","N_L_2_C","",1,"calamagrostis"
"594","N_L_2_C","lichen",1,"lichen"
"595","N_L_2_C","",5,"blueberry"
"596","N_L_2_C","moss and liverwort",50,"moss and liverwort"
"597","N_L_2_C","moss and liverwort",1,"moss and liverwort"
"598","N_L_2_C","",5,"krypljung"
"599","N_L_3_C","",20,"crowberry"
"600","N_L_3_C","",20,"lingon"
"601","N_L_3_C","",5,"betula nana"
"602","N_L_3_C","",5,"calamagrostis"
"603","N_L_3_C","lichen",60,"lichen"
"604","N_L_3_C","lichen",1,"lichen"
"605","N_L_3_C","",1,"rosling"
"606","N_L_3_C","moss and liverwort",40,"moss and liverwort"
"607","N_L_3_C","moss and liverwort",1,"moss and liverwort"
"608","N_L_3_C","",1,"odon"
"609","K_LM_1_S","graminoid",5,"kruståtel"
"610","K_LM_1_S","",50,"crowberry"
"611","K_LM_1_S","",5,"blueberry"
"612","K_LM_1_S","",1,"riplummer"
"613","K_LM_1_S","",15,"dvärgvide"
"614","K_LM_1_S","lichen",1,"lichen"
"615","K_LM_1_S","graminoid",1,"klynnetåg"
"616","K_LM_1_S","",1,"lappljung"
"617","K_LM_1_S","moss and liverwort",1,"moss and liverwort"
"618","K_LM_1_S","moss and liverwort",70,"moss and liverwort"
"619","K_LM_3_T","",90,"betula nana"
"620","K_LM_3_T","",35,"crowberry"
"621","K_LM_3_T","",30,"kruståtel"
"622","K_LM_3_T","",35,"lappljung"
"623","K_LM_3_T","",1,"blueberry"
"624","K_LM_3_T","lichen",1,"lichen"
"625","K_LM_3_T","moss and liverwort",85,"moss and liverwort"
"626","K_LM_3_T","",1,"dvärgvide"
"627","K_LM_3_T","moss and liverwort",1,"moss and liverwort"
"628","K_LM_2_S","",1,"vanlig styvstarr"
"629","K_LM_2_S","lichen",1,"lichen"
"630","K_LM_2_S","",60,"blueberry"
"631","K_LM_2_S","",50,"crowberry"
"632","K_LM_2_S","",1,"kruståtel"
"633","K_LM_2_S","",50,"lappljung"
"634","K_LM_2_S","",5,"betula nana"
"635","K_LM_2_S","",1,"lingon"
"636","K_LM_2_S","moss and liverwort",1,"moss and liverwort"
"637","K_LM_2_S","moss and liverwort",90,"moss and liverwort"
"638","K_LM_3_S","",1,"betula nana"
"639","K_LM_3_S","",20,"odon"
"640","K_LM_3_S","",70,"crowberry"
"641","K_LM_3_S","",1,"lingon"
"642","K_LM_3_S","lichen",1,"lichen"
"643","K_LM_3_S","",1,"dvärgvide"
"644","K_LM_3_S","lichen",10,"lichen"
"645","K_LM_3_S","moss and liverwort",1,"moss and liverwort"
"646","K_LM_3_S","moss and liverwort",70,"moss and liverwort"
"647","K_LM_3_C","lichen",60,"lichen"
"648","K_LM_3_C","lichen",1,"lichen"
"649","K_LM_3_C","graminoid",1,"klynnetåg"
"650","K_LM_3_C","",5,"dvärgvide"
"651","K_LM_3_C","",1,"blueberry"
"652","K_LM_3_C","",1,"kruståtel"
"653","K_LM_3_C","moss and liverwort",1,"moss and liverwort"
"654","K_LM_3_C","moss and liverwort",40,"moss and liverwort"
"655","K_LM_3_C","",1,"betula nana"
"656","K_LM_3_C","graminoid",10,"vanlig styvstarr"
"657","K_LM_3_C","",1,"lingon"
"658","K_M_1_S","",1,"betula nana"
"659","K_M_1_S","",85,"crowberry"
"660","K_M_1_S","",5,"ripbär"
"661","K_M_1_S","",1,"lingon"
"662","K_M_1_S","lichen",1,"lichen"
"663","K_M_1_S","lichen",15,"lichen"
"664","K_M_1_S","",1,"odon"
"665","K_M_1_S","",1,"cloudberry"
"666","K_M_1_S","moss and liverwort",1,"moss and liverwort"
"667","K_M_1_S","moss and liverwort",60,"moss and liverwort"
"668","K_M_2_S","",70,"crowberry"
"669","K_M_2_S","",1,"betula nana"
"670","K_M_2_S","",20,"ripbär"
"671","K_M_2_S","",1,"lingon"
"672","K_M_2_S","",1,"cloudberry"
"673","K_M_2_S","lichen",1,"lichen"
"674","K_M_2_S","lichen",25,"lichen"
"675","K_M_2_S","moss and liverwort",1,"moss and liverwort"
"676","K_M_2_S","moss and liverwort",60,"moss and liverwort"
"677","K_M_1_C","moss and liverwort",1,"moss and liverwort"
"678","K_M_1_C","lichen",1,"lichen"
"679","K_M_1_C","lichen",35,"lichen"
"680","K_M_1_C","",1,"lingon"
"681","K_M_1_C","",1,"crowberry"
"682","K_M_1_C","",1,"odon"
"683","K_M_1_C","",1,"betula nana"
"684","K_M_1_C","moss and liverwort",40,"moss and liverwort"
"685","K_M_1_T","",80,"betula nana"
"686","K_M_1_T","",1,"lingon"
"687","K_M_1_T","",15,"crowberry"
"688","K_M_1_T","",1,"cloudberry"
"689","K_M_1_T","lichen",1,"lichen"
"690","K_M_1_T","",1,"odon"
"691","K_M_1_T","",1,"ripbär"
"692","K_M_1_T","lichen",5,"lichen"
"693","K_M_1_T","moss and liverwort",1,"moss and liverwort"
"694","K_M_1_T","moss and liverwort",95,"moss and liverwort"
"695","K_M_3_S","",95,"crowberry"
"696","K_M_3_S","",10,"lingon"
"697","K_M_3_S","",10,"odon"
"698","K_M_3_S","",1,"cloudberry"
"699","K_M_3_S","",1,"ripbär"
"700","K_M_3_S","moss and liverwort",1,"moss and liverwort"
"701","K_M_3_S","lichen",1,"lichen"
"702","K_M_3_S","",1,"betula nana"
"703","K_M_3_S","moss and liverwort",60,"moss and liverwort"
"704","K_M_2_C","lichen",1,"lichen"
"705","K_M_2_C","",5,"lingon"
"706","K_M_2_C","",1,"cloudberry"
"707","K_M_2_C","",1,"odon"
"708","K_M_2_C","",5,"betula nana"
"709","K_M_2_C","",5,"crowberry"
"710","K_M_2_C","lichen",60,"lichen"
"711","K_M_2_C","",1,"ripbär"
"712","K_M_2_C","moss and liverwort",1,"moss and liverwort"
"713","K_M_2_C","moss and liverwort",40,"moss and liverwort"
"714","K_M_2_T","",60,"betula nana"
"715","K_M_2_T","",60,"crowberry"
"716","K_M_2_T","",40,"lingon"
"717","K_M_2_T","",20,"cloudberry"
"718","K_M_2_T","lichen",1,"lichen"
"719","K_M_2_T","lichen",10,"lichen"
"720","K_M_2_T","",1,"odon"
"721","K_M_2_T","",1,"ripbär"
"722","K_M_2_T","moss and liverwort",1,"moss and liverwort"
"723","K_M_2_T","moss and liverwort",70,"moss and liverwort"
"724","K_M_3_T","",85,"betula nana"
"725","K_M_3_T","",30,"lingon"
"726","K_M_3_T","lichen",1,"lichen"
"727","K_M_3_T","",1,"cloudberry"
"728","K_M_3_T","",1,"crowberry"
"729","K_M_3_T","lichen",15,"lichen"
"730","K_M_3_T","moss and liverwort",1,"moss and liverwort"
"731","K_M_3_T","moss and liverwort",95,"moss and liverwort"
"732","K_M_3_C","lichen",1,"lichen"
"733","K_M_3_C","lichen",80,"lichen"
"734","K_M_3_C","",10,"ripbär"
"735","K_M_3_C","",10,"lingon"
"736","K_M_3_C","",5,"betula nana"
"737","K_M_3_C","",5,"crowberry"
"738","K_M_3_C","",1,"odon"
"739","K_M_3_C","",1,"cloudberry"
"740","K_M_3_C","moss and liverwort",1,"moss and liverwort"
"741","K_MH_1_S","",90,"crowberry"
"742","K_MH_1_S","",15,"betula nana"
"743","K_MH_1_S","lichen",1,"lichen"
"744","K_MH_1_S","",10,"odon"
"745","K_MH_1_S","moss and liverwort",1,"moss and liverwort"
"746","K_MH_1_S","lichen",20,"lichen"
"747","K_MH_1_S","",1,"cloudberry"
"748","K_MH_1_S","",1,"dvärgvide"
"749","K_MH_1_S","",1,"lingon"
"750","K_MH_1_S","moss and liverwort",75,"moss and liverwort"
"751","K_MH_1_T","",75,"betula nana"
"752","K_MH_1_T","",10,"hönsbär"
"753","K_MH_1_T","",60,"crowberry"
"754","K_MH_1_T","",10,"lingon"
"755","K_MH_1_T","lichen",1,"lichen"
"756","K_MH_1_T","",1,"cloudberry"
"757","K_MH_1_T","",1,"odon"
"758","K_MH_1_T","moss and liverwort",90,"moss and liverwort"
"759","K_MH_1_T","moss and liverwort",1,"moss and liverwort"
"760","K_MH_1_C","",10,"crowberry"
"761","K_MH_1_C","",1,"lingon"
"762","K_MH_1_C","",10,"betula nana"
"763","K_MH_1_C","lichen",1,"lichen"
"764","K_MH_1_C","",5,"odon"
"765","K_MH_1_C","",1,"krypljung"
"766","K_MH_1_C","lichen",35,"lichen"
"767","K_MH_1_C","",1,"fjällgröna"
"768","K_MH_1_C","moss and liverwort",1,"moss and liverwort"
"769","K_MH_1_C","moss and liverwort",40,"moss and liverwort"
"770","K_MH_1_C","",1,"dvärgvide"
"771","K_MH_2_C","",5,"betula nana"
"772","K_MH_2_C","",10,"crowberry"
"773","K_MH_2_C","",5,"ripbär"
"774","K_MH_2_C","",5,"lingon"
"775","K_MH_2_C","lichen",60,"lichen"
"776","K_MH_2_C","",1,"dvärgvide"
"777","K_MH_2_C","lichen",1,"lichen"
"778","K_MH_2_C","",10,"odon"
"779","K_MH_2_C","",1,"krypljung"
"780","K_MH_2_C","moss and liverwort",60,"moss and liverwort"
"781","K_MH_2_C","moss and liverwort",1,"moss and liverwort"
"782","K_MH_2_S","",90,"crowberry"
"783","K_MH_2_S","",15,"betula nana"
"784","K_MH_2_S","",5,"cloudberry"
"785","K_MH_2_S","lichen",1,"lichen"
"786","K_MH_2_S","",10,"odon"
"787","K_MH_2_S","",5,"lingon"
"788","K_MH_2_S","moss and liverwort",80,"moss and liverwort"
"789","K_MH_2_S","moss and liverwort",1,"moss and liverwort"
"790","K_MH_2_T","",85,"betula nana"
"791","K_MH_2_T","",20,"lingon"
"792","K_MH_2_T","",70,"crowberry"
"793","K_MH_2_T","lichen",1,"lichen"
"794","K_MH_2_T","",1,"cloudberry"
"795","K_MH_2_T","",5,"odon"
"796","K_MH_2_T","moss and liverwort",1,"moss and liverwort"
"797","K_MH_2_T","moss and liverwort",60,"moss and liverwort"
"798","K_MH_2_T","lichen",5,"lichen"
"799","K_MH_2_T","",1,"calamagrostis"
"800","K_MH_3_C","",10,"crowberry"
"801","K_MH_3_C","",1,"vanlig styvstarr"
"802","K_MH_3_C","lichen",1,"lichen"
"803","K_MH_3_C","",1,"odon"
"804","K_MH_3_C","",1,"lingon"
"805","K_MH_3_C","",1,"ripbär"
"806","K_MH_3_C","moss and liverwort",1,"moss and liverwort"
"807","K_MH_3_C","lichen",60,"lichen"
"808","K_MH_3_C","",1,"betula nana"
"809","K_MH_3_C","moss and liverwort",60,"moss and liverwort"
"810","K_MH_3_T","",70,"betula nana"
"811","K_MH_3_T","",5,"vanlig styvstarr"
"812","K_MH_3_T","",80,"lingon"
"813","K_MH_3_T","lichen",5,"lichen"
"814","K_MH_3_T","lichen",1,"lichen"
"815","K_MH_3_T","moss and liverwort",1,"moss and liverwort"
"816","K_MH_3_T","moss and liverwort",60,"moss and liverwort"
"817","K_L_1_C","moss and liverwort",20,"moss and liverwort"
"818","K_L_1_C","lichen",70,"lichen"
"819","K_L_1_C","lichen",1,"lichen"
"820","K_L_1_C","",1,"odon"
"821","K_L_1_C","",1,"lingon"
"822","K_L_1_C","",1,"crowberry"
"823","K_L_1_C","",1,"betula nana"
"824","K_L_1_C","moss and liverwort",1,"moss and liverwort"
"825","K_L_2_C","moss and liverwort",60,"moss and liverwort"
"826","K_L_2_C","moss and liverwort",1,"moss and liverwort"
"827","K_L_2_C","lichen",35,"lichen"
"828","K_L_2_C","lichen",1,"lichen"
"829","K_L_2_C","",1,"crowberry"
"830","K_L_2_C","",20,"betula nana"
"831","K_L_2_C","",1,"lingon"
"832","K_L_2_C","",1,"odon"
"833","K_L_2_C","",1,"vanlig styvstarr"
"834","K_L_1_T","",80,"betula nana"
"835","K_L_1_T","",1,"lingon"
"836","K_L_1_T","",1,"crowberry"
"837","K_L_1_T","lichen",5,"lichen"
"838","K_L_1_T","",1,"ripbär"
"839","K_L_1_T","lichen",1,"lichen"
"840","K_L_1_T","moss and liverwort",90,"moss and liverwort"
"841","K_L_1_T","moss and liverwort",1,"moss and liverwort"
"842","K_L_2_T","lichen",1,"lichen"
"843","K_L_2_T","moss and liverwort",80,"moss and liverwort"
"844","K_L_2_T","moss and liverwort",1,"moss and liverwort"
"845","K_L_2_T","",30,"lingon"
"846","K_L_2_T","",70,"betula nana"
"847","K_L_2_T","",1,"crowberry"
"848","K_L_3_T","",60,"betula nana"
"849","K_L_3_T","",15,"lingon"
"850","K_L_3_T","",50,"crowberry"
"851","K_L_3_T","lichen",1,"lichen"
"852","K_L_3_T","",1,"vanlig styvstarr"
"853","K_L_3_T","moss and liverwort",30,"moss and liverwort"
"854","K_L_3_T","moss and liverwort",1,"moss and liverwort"
"855","K_L_1_S","",60,"crowberry"
"856","K_L_1_S","",1,"lingon"
"857","K_L_1_S","",1,"odon"
"858","K_L_1_S","",1,"betula nana"
"859","K_L_1_S","lichen",10,"lichen"
"860","K_L_1_S","moss and liverwort",50,"moss and liverwort"
"861","K_L_1_S","moss and liverwort",1,"moss and liverwort"
"862","K_L_1_S","lichen",1,"lichen"
"863","K_L_1_S","",1,"vanlig styvstarr"
"864","K_L_3_C","",10,"crowberry"
"865","K_L_3_C","",1,"odon"
"866","K_L_3_C","",1,"lingon"
"867","K_L_3_C","",1,"vanlig styvstarr"
"868","K_L_3_C","lichen",80,"lichen"
"869","K_L_3_C","lichen",1,"lichen"
"870","K_L_3_C","moss and liverwort",15,"moss and liverwort"
"871","K_L_3_C","moss and liverwort",1,"moss and liverwort"
"872","K_L_2_S","",25,"crowberry"
"873","K_L_2_S","",25,"blueberry"
"874","K_L_2_S","",1,"lingon"
"875","K_L_2_S","",10,"odon"
"876","K_L_2_S","lichen",15,"lichen"
"877","K_L_2_S","moss and liverwort",50,"moss and liverwort"
"878","K_L_2_S","lichen",1,"lichen"
"879","K_L_2_S","",1,"vanlig styvstarr"
"880","K_L_2_S","",1,"betula nana"
"881","K_L_2_S","moss and liverwort",1,"moss and liverwort"
"882","K_L_3_S","",1,"kruståtel"
"883","K_L_3_S","",1,"vanlig styvstarr"
"884","K_L_3_S","",30,"blueberry"
"885","K_L_3_S","",50,"crowberry"
"886","K_L_3_S","",20,"odon"
"887","K_L_3_S","lichen",15,"lichen"
"888","K_L_3_S","lichen",1,"lichen"
"889","K_L_3_S","moss and liverwort",80,"moss and liverwort"
"890","K_L_3_S","",1,"dvärgvide"
"891","K_L_3_S","",1,"lingon"
"892","K_L_3_S","moss and liverwort",1,"moss and liverwort"
"893","K_LM_1_T","",75,"betula nana"
"894","K_LM_1_T","",5,"crowberry"
"895","K_LM_1_T","",1,"lingon"
"896","K_LM_1_T","",1,"kruståtel"
"897","K_LM_1_T","lichen",1,"lichen"
"898","K_LM_1_T","",1,"blueberry"
"899","K_LM_1_T","",1,"dvärgvide"
"900","K_LM_1_T","moss and liverwort",90,"moss and liverwort"
"901","K_LM_1_T","moss and liverwort",1,"moss and liverwort"
"902","K_LM_1_T","",1,"lappljung"
"903","K_LM_1_C","",1,"kruståtel"
"904","K_LM_1_C","",10,"lappljung"
"905","K_LM_1_C","",1,"blueberry"
"906","K_LM_1_C","",1,"dvärgvide"
"907","K_LM_1_C","lichen",40,"lichen"
"908","K_LM_1_C","",1,"crowberry"
"909","K_LM_1_C","",1,"betula nana"
"910","K_LM_1_C","lichen",1,"lichen"
"911","K_LM_1_C","",1,"mossljung"
"912","K_LM_1_C","moss and liverwort",40,"moss and liverwort"
"913","K_LM_1_C","moss and liverwort",1,"moss and liverwort"
"914","K_LM_2_C","",1,"lappljung"
"915","K_LM_2_C","",1,"crowberry"
"916","K_LM_2_C","",10,"mossljung"
"917","K_LM_2_C","",10,"dvärgvide"
"918","K_LM_2_C","lichen",1,"lichen"
"919","K_LM_2_C","",1,"blueberry"
"920","K_LM_2_C","",1,"spira"
"921","K_LM_2_C","moss and liverwort",90,"moss and liverwort"
"922","K_LM_2_C","moss and liverwort",1,"moss and liverwort"
"923","K_LM_2_C","",1,"kruståtel"
"924","K_LM_2_C","",1,"krypljung"
"925","K_LM_2_T","lichen",1,"lichen"
"926","K_LM_2_T","",80,"betula nana"
"927","K_LM_2_T","",1,"lappljung"
"928","K_LM_2_T","",1,"klynnetåg"
"929","K_LM_2_T","",1,"blueberry"
"930","K_LM_2_T","",1,"kruståtel"
"931","K_LM_2_T","",1,"mossljung"
"932","K_LM_2_T","",1,"dvärgvide"
"933","K_LM_2_T","",1,"crowberry"
"934","K_LM_2_T","moss and liverwort",75,"moss and liverwort"
"935","K_LM_2_T","moss and liverwort",1,"moss and liverwort"
"936","K_LM_2_T","",1,"krypljung"
