nr,site,elevation_cat,community,plot_nr,date,species_id,sp_group,coverage,sp_comments
10,K,H,S,1,2022-09-06,vanlig styvstarr,,,
10,K,H,S,1,2022-09-06,dvärgvide,,,
10,K,H,S,1,2022-09-06,betula nana,,5,dwarf birch
10,K,H,S,1,2022-09-06,crowberry,,30,
10,K,H,S,1,2022-09-06,lingon,,15,
10,K,H,S,1,2022-09-06,odon,,,"took a pic, not sure it's odon, might be a berry-producing plant (turns a bit purple)"
10,K,H,S,1,2022-09-06,fjäll lummer,,,
10,K,H,S,1,2022-09-06,renlav,lichen,,
10,K,H,S,1,2022-09-06,moss 1,moss and liverwort ,,
10,K,H,S,1,2022-09-06,moss 2,moss and liverwort ,,
10,K,H,S,1,2022-09-06,moss 3,moss and liverwort ,,
10,K,H,S,1,2022-09-06,moss 4,moss and liverwort ,,
10,K,H,S,1,2022-09-06,moss 5,moss and liverwort ,,
10,K,H,S,1,2022-09-06,lummer,,,
10,K,H,S,1,2022-09-06,klynnetåg,,,
10,K,H,S,1,2022-09-06,cladonia,lichen,,
10,K,H,S,1,2022-09-06,stereocaulon,lichen,,
10,K,H,S,1,2022-09-06,torsklav ,lichen,,Peltigera aphthosa 
83,K,H,C,1,2022-09-06,stereocaulon,lichen,30,
83,K,H,C,1,2022-09-06,moss 1,moss and liverwort ,,
83,K,H,C,1,2022-09-06,moss 2,moss and liverwort ,,
83,K,H,C,1,2022-09-06,moss 3,moss and liverwort ,,
83,K,H,C,1,2022-09-06,moss 4,moss and liverwort ,30,
83,K,H,C,1,2022-09-06,liverwort,moss and liverwort ,,
83,K,H,C,1,2022-09-06,betula nana,,,
83,K,H,C,1,2022-09-06,vanlig styvstarr,,,
83,K,H,C,1,2022-09-06,fibbla,,,
83,K,H,C,1,2022-09-06,cladonia,lichen,,
83,K,H,C,1,2022-09-06,renlav,lichen,,
83,K,H,C,1,2022-09-06,lingon,,,
83,K,H,C,1,2022-09-06,crowberry,,,
84,K,H,T,1,2022-09-06,betula nana,,60,
84,K,H,T,1,2022-09-06,crowberry,,,
84,K,H,T,1,2022-09-06,vanlig styvstarr,,,
84,K,H,T,1,2022-09-06,renlav,lichen,,
84,K,H,T,1,2022-09-06,torsklav,lichen,,
84,K,H,T,1,2022-09-06,moss 1,moss and liverwort ,30,
84,K,H,T,1,2022-09-06,moss 2,moss and liverwort ,,
84,K,H,T,1,2022-09-06,liverwort,moss and liverwort ,,
85,K,H,S,2,2022-09-06,vanlig styvstarr,,,
85,K,H,S,2,2022-09-06,crowberry,,50,
85,K,H,S,2,2022-09-06,torsklav,lichen,,
85,K,H,S,2,2022-09-06,lingon,,25,
85,K,H,S,2,2022-09-06,ripbär,,,
85,K,H,S,2,2022-09-06,betula nana,,,
85,K,H,S,2,2022-09-06,odon,,,
85,K,H,S,2,2022-09-06,moss,moss and liverwort,,
85,K,H,S,2,2022-09-06,renlav,lichen,,
86,K,H,C,2,2022-09-06,lingon,,,
86,K,H,C,2,2022-09-06,blueberry,,,
86,K,H,C,2,2022-09-06,betula nana,,,
86,K,H,C,2,2022-09-06,vanlig styvstarr,,,
86,K,H,C,2,2022-09-06,crowberry,,,
86,K,H,C,2,2022-09-06,moss 1,moss and liverwort,15,
86,K,H,C,2,2022-09-06,moss 2,moss and liverwort,,
86,K,H,C,2,2022-09-06,torsklav,lichen,,
86,K,H,C,2,2022-09-06,lichen 1,lichen,,
86,K,H,C,2,2022-09-06,lichen 2,lichen,40,
86,K,H,C,2,2022-09-06,lichen 3,lichen,,
86,K,H,C,2,2022-09-06,cladonia,lichen,,
86,K,H,C,2,2022-09-06,renlav,lichen,,
87,K,H,T,2,2022-09-06,betula nana,,70,
87,K,H,T,2,2022-09-06,crowberry,,,
87,K,H,T,2,2022-09-06,lingon,,,
87,K,H,T,2,2022-09-06,salix,,,
87,K,H,T,2,2022-09-06,moss 1,moss and liverwort,,
87,K,H,T,2,2022-09-06,moss 2,moss and liverwort,80,
87,K,H,T,2,2022-09-06,stereocaulon,lichen,,
87,K,H,T,2,2022-09-06,renlav,lichen,,
87,K,H,T,2,2022-09-06,vanlig styvstarr,,,
87,K,H,T,2,2022-09-06,cladonia,lichen,,
88,K,H,S,3,2022-09-06,crowberry,,50,
88,K,H,S,3,2022-09-06,lingon,,15,
88,K,H,S,3,2022-09-06,odon,,10,
88,K,H,S,3,2022-09-06,stereocaulon,lichen,,
88,K,H,S,3,2022-09-06,betula nana,,,
88,K,H,S,3,2022-09-06,vanlig styvstarr,,,
88,K,H,S,3,2022-09-06,moss 1,moss and liverwort,,
88,K,H,S,3,2022-09-06,moss 2,moss and liverwort,,
88,K,H,S,3,2022-09-06,moss 3,moss and liverwort,,
88,K,H,S,3,2022-09-06,liverwort,moss and liverwort,,
88,K,H,S,3,2022-09-06,liverwort,moss and liverwort,10,
89,K,H,C,3,2022-09-06,vanlig styvstarr,,,
89,K,H,C,3,2022-09-06,lingon,,,
89,K,H,C,3,2022-09-06,odon,,,
89,K,H,C,3,2022-09-06,betula nana,,,
89,K,H,C,3,2022-09-06,crowberry,,,
89,K,H,C,3,2022-09-06,renlav ,lichen,,
89,K,H,C,3,2022-09-06,lichen 1,lichen,60,
89,K,H,C,3,2022-09-06,lichen 2,lichen,,
89,K,H,C,3,2022-09-06,moss 1,moss and liverwort,,
89,K,H,C,3,2022-09-06,moss 2,moss and liverwort,,
90,K,H,L,3,2022-09-06,blueberry,,,
90,K,H,L,3,2022-09-06,betula nana,,80,
90,K,H,L,3,2022-09-06,crowberry,,25,
90,K,H,L,3,2022-09-06,lingon,,,
90,K,H,L,3,2022-09-06,vanlig styvstarr,,,
90,K,H,L,3,2022-09-06,renlav,lichen ,,
90,K,H,L,3,2022-09-06,moss 1,moss and liverwort,50,
90,K,H,L,3,2022-09-06,moss 2,moss and liverwort,,
90,K,H,L,3,2022-09-06,stereocaulon,lichen,,
1,N,L,T,1,2022-09-09,betula nana,,70,
1,N,L,T,1,2022-09-09,crowberry,,60,
1,N,L,T,1,2022-09-09,odon,,15,
1,N,L,T,1,2022-09-09,lingon,,15,
1,N,L,T,1,2022-09-09,equisetum pratense,,5,dead
1,N,L,T,1,2022-09-09,calamagrostis,,,
1,N,L,T,1,2022-09-09,lichen on birch,lichen,,
1,N,L,T,1,2022-09-09,renlav,lichen,,
1,N,L,T,1,2022-09-09,cladonia,lichen,,
1,N,L,T,1,2022-09-09,liverwort ,moss and liverwort ,10,
1,N,L,T,1,2022-09-09,väggmossa,moss and liverwort ,,
2,N,L,S,1,2022-09-09,equisetum pratense,,5,
2,N,L,S,1,2022-09-09,betula nana,,5,
2,N,L,S,1,2022-09-09,odon,,50,
2,N,L,S,1,2022-09-09,cloudberry,,,dead
2,N,L,S,1,2022-09-09,lingon,,15,
2,N,L,S,1,2022-09-09,crowberry,,50,
2,N,L,S,1,2022-09-09,calamagrostis,,5,dead
2,N,L,S,1,2022-09-09,rosling,,,
2,N,L,S,1,2022-09-09,renlav,lichen,5,
2,N,L,S,1,2022-09-09,norrlandslav,lichen,,
2,N,L,S,1,2022-09-09,stereocaulon,lichen,,
2,N,L,S,1,2022-09-09,nephroma expallidum,lichen,,
2,N,L,S,1,2022-09-09,liverwort ,moss and liverwort ,10,
2,N,L,S,1,2022-09-09,kvastmossa,moss and liverwort ,,
46,K,MH,S,3,2022-09-08,crowberry,,85,
46,K,MH,S,3,2022-09-08,lingon,,,
46,K,MH,S,3,2022-09-08,odon,,10,
46,K,MH,S,3,2022-09-08,norrlandslav,lichen,10,
46,K,MH,S,3,2022-09-08,betula nana,,5,
46,K,MH,S,3,2022-09-08,stereocaulon,lichen,,
46,K,MH,S,3,2022-09-08,liverwort 1,moss and liverwort ,,
46,K,MH,S,3,2022-09-08,liverwort 2,moss and liverwort ,,
46,K,MH,S,3,2022-09-08,cladonia,lichen,,
46,K,MH,S,3,2022-09-08,cloudberry,,,
46,K,MH,S,3,2022-09-08,renlav,lichen,,
46,K,MH,S,3,2022-09-08,moss 1,moss and liverwort ,,
46,K,MH,S,3,2022-09-08,moss 2,moss and liverwort ,,
46,K,MH,S,3,2022-09-08,väggmossa,moss and liverwort ,,
46,K,MH,S,3,2022-09-08,husmossa,moss and liverwort ,50,moss coverage = mainly husmossa
47,N,H,C,1,2022-09-13,betula nana,,,
47,N,H,C,1,2022-09-13,odon,,15,
47,N,H,C,1,2022-09-13,crowberry,,20,
47,N,H,C,1,2022-09-13,norrlandslav,lichen,40,
47,N,H,C,1,2022-09-13,stereocaulon,lichen,,
47,N,H,C,1,2022-09-13,torsklav,lichen,,
47,N,H,C,1,2022-09-13,lingon,,,
47,N,H,C,1,2022-09-13,cladonia,lichen,,
47,N,H,C,1,2022-09-13,cetraria cucullata,lichen,,"not islandslav, it's the same genus though"
47,N,H,C,1,2022-09-13,moss 1,moss and liverwort ,50,
47,N,H,C,1,2022-09-13,moss 2,moss and liverwort ,,
47,N,H,C,1,2022-09-13,moss 3,moss and liverwort ,,
47,N,H,C,1,2022-09-13,moss 4,moss and liverwort ,,thick one = frostmossa
47,N,H,C,1,2022-09-13,raggmossa,moss and liverwort ,,
47,N,H,C,1,2022-09-13,liverwort,moss and liverwort ,,
47,N,H,C,1,2022-09-13,calamagrostis,,15,
48,N,H,C,2,2022-09-13,betula nana,,5,
48,N,H,C,2,2022-09-13,crowberry,,20,
48,N,H,C,2,2022-09-13,odon,,10,
48,N,H,C,2,2022-09-13,lingon,,,
48,N,H,C,2,2022-09-13,calamagrostis,,10,
48,N,H,C,2,2022-09-13,renlav,lichen,50,
48,N,H,C,2,2022-09-13,cetraria cucullata,lichen,,"not islandslav, it's the same genus though, could also be Cetraria nivalis"
48,N,H,C,2,2022-09-13,cladonia,lichen,,
48,N,H,C,2,2022-09-13,bubbly lichen,lichen,,ochrolechia frigida
48,N,H,C,2,2022-09-13,torsklav,lichen,,
48,N,H,C,2,2022-09-13,navellav,lichen,,on rock
48,N,H,C,2,2022-09-13,moss 1,moss and liverwort ,60,
48,N,H,C,2,2022-09-13,moss 2,moss and liverwort ,,
48,N,H,C,2,2022-09-13,moss 3,moss and liverwort ,,
48,N,H,C,2,2022-09-13,moss 4,moss and liverwort ,,
48,N,H,C,2,2022-09-13,raggmossa,moss and liverwort ,,
48,N,H,C,2,2022-09-13,liverwort,moss and liverwort ,,
48,N,H,C,2,2022-09-13,nephroma expallidum,lichen,,
49,N,H,C,3,2022-09-13,odon,,20,
49,N,H,C,3,2022-09-13,betula nana,,20,
49,N,H,C,3,2022-09-13,lingon,,,
49,N,H,C,3,2022-09-13,renlav,lichen,60,
49,N,H,C,3,2022-09-13,crowberry,,25,
49,N,H,C,3,2022-09-13,cladonia,lichen,,
49,N,H,C,3,2022-09-13,torsklav,lichen,,
49,N,H,C,3,2022-09-13,bubbly lichen,lichen,,ochrolechia frigida
49,N,H,C,3,2022-09-13,cetraria cucullata,lichen,,"not islandslav, it's the same genus though, could also be Cetraria nivalis"
49,N,H,C,3,2022-09-13,calamagrostis,,,
49,N,H,C,3,2022-09-13,moss 1,moss and liverwort ,40,
49,N,H,C,3,2022-09-13,moss 2,moss and liverwort ,,
49,N,H,C,3,2022-09-13,moss 3,moss and liverwort ,,
49,N,H,C,3,2022-09-13,moss 4,moss and liverwort ,,
49,N,H,C,3,2022-09-13,black moss,moss and liverwort ,,
49,N,H,C,3,2022-09-13,liverwort,moss and liverwort ,,
49,N,H,C,3,2022-09-13,dotted O lichen,lichen,,
49,N,H,C,3,2022-09-13,nephroma expallidum,lichen,,
50,N,H,S,1,2022-09-13,calamagrostis,,,
50,N,H,S,1,2022-09-13,odon,,15,
50,N,H,S,1,2022-09-13,torsklav,lichen,,a lot of these big lichens 
50,N,H,S,1,2022-09-13,lingon,,,
50,N,H,S,1,2022-09-13,liverwort 1,moss and liverwort ,,
50,N,H,S,1,2022-09-13,liverwort 2,moss and liverwort ,,
50,N,H,S,1,2022-09-13,crowberry,,80,
50,N,H,S,1,2022-09-13,betula nana,,15,very red
50,N,H,S,1,2022-09-13,renlav,lichen,20,
50,N,H,S,1,2022-09-13,cetraria cucullata,lichen,,"not islandslav, it's the same genus though, could also be Cetraria nivalis"
50,N,H,S,1,2022-09-13,nephroma expallidum,lichen,,lots of these big lichens 
50,N,H,S,1,2022-09-13,cladonia,lichen,,
50,N,H,S,1,2022-09-13,bubbly lichen,lichen,,ochrolechia frigida
50,N,H,S,1,2022-09-13,dotted O lichen,lichen,,
50,N,H,S,1,2022-09-13,moss 1,moss and liverwort ,30,
50,N,H,S,1,2022-09-13,moss 2,moss and liverwort ,,
50,N,H,S,1,2022-09-13,moss 3,moss and liverwort ,,
50,N,H,S,1,2022-09-13,moss 4,moss and liverwort ,,
51,N,H,S,2,2022-09-13,crowberry,,85,
51,N,H,S,2,2022-09-13,calamagrostis,,5,
51,N,H,S,2,2022-09-13,odon,,10,
51,N,H,S,2,2022-09-13,betula nana,,10,very red
51,N,H,S,2,2022-09-13,torsklav,lichen,15,mainly big lichens like this
51,N,H,S,2,2022-09-13,renlav,lichen,,
51,N,H,S,2,2022-09-13,cetraria cucullata,lichen,,"not islandslav, it's the same genus though, could also be Cetraria nivalis"
51,N,H,S,2,2022-09-13,liverwort,moss and liverwort ,35,
51,N,H,S,2,2022-09-13,moss 1,moss and liverwort ,,probably väggmossa
51,N,H,S,2,2022-09-13,moss 2,moss and liverwort ,,probably kantmossa 
51,N,H,S,2,2022-09-13,moss 3,moss and liverwort ,,probably dvärgbjörnmossa 
51,N,H,S,2,2022-09-13,moss 4,moss and liverwort ,,
51,N,H,S,2,2022-09-13,bubbly lichen,lichen,,ochrolechia frigida
51,N,H,S,2,2022-09-13,cladonia,lichen,,
51,N,H,S,2,2022-09-13,lingon,,,
51,N,H,S,2,2022-09-13,nephroma expallidum,lichen,,mainly big lichens like this 
52,N,H,T,1,2022-09-13,betula nana,,50,
52,N,H,T,1,2022-09-13,crowberry,,70,
52,N,H,T,1,2022-09-13,lingon,,,
52,N,H,T,1,2022-09-13,salix,,10,
52,N,H,T,1,2022-09-13,odon,,15,
52,N,H,T,1,2022-09-13,calamagrostis,,5,
52,N,H,T,1,2022-09-13,cloudberry,,,dead
52,N,H,T,1,2022-09-13,torsklav,lichen,10,
52,N,H,T,1,2022-09-13,liverwort 1,moss and liverwort ,15,
52,N,H,T,1,2022-09-13,liverwort 2,moss and liverwort ,,
52,N,H,T,1,2022-09-13,moss 1,moss and liverwort ,,
52,N,H,T,1,2022-09-13,moss 2,moss and liverwort ,,
52,N,H,T,1,2022-09-13,moss 3,moss and liverwort ,,
52,N,H,T,1,2022-09-13,moss 4,moss and liverwort ,,
52,N,H,T,1,2022-09-13,renlav,lichen,,
52,N,H,T,1,2022-09-13,cetraria cucullata,lichen,,"not islandslav, it's the same genus though, could also be Cetraria nivalis"
52,N,H,T,1,2022-09-13,cladonia,lichen,,
52,N,H,T,1,2022-09-13,norrlandslav,lichen,,
52,N,H,T,1,2022-09-13,nephroma expallidum,lichen,,
53,N,H,S,3,2022-09-13,crowberry,,75,
53,N,H,S,3,2022-09-13,lingon,,5,
53,N,H,S,3,2022-09-13,odon,,5,
53,N,H,S,3,2022-09-13,calamagrostis,,10,
53,N,H,S,3,2022-09-13,torsklav,lichen,10,
53,N,H,S,3,2022-09-13,cloudberry,,,
53,N,H,S,3,2022-09-13,betula nana,,20,
53,N,H,S,3,2022-09-13,nephroma expallidum,lichen,,
53,N,H,S,3,2022-09-13,cetraria cucullata,lichen,,"not islandslav, it's the same genus though, could also be Cetraria nivalis"
53,N,H,S,3,2022-09-13,cladonia,lichen,,
53,N,H,S,3,2022-09-13,renlav,lichen,,
53,N,H,S,3,2022-09-13,moss 1,moss and liverwort ,15,
53,N,H,S,3,2022-09-13,moss 2,moss and liverwort ,,
53,N,H,S,3,2022-09-13,moss 3,moss and liverwort ,,
53,N,H,S,3,2022-09-13,moss 4,moss and liverwort ,,
53,N,H,S,3,2022-09-13,moss 5,moss and liverwort ,,
53,N,H,S,3,2022-09-13,liverwort 1,moss and liverwort ,,
53,N,H,S,3,2022-09-13,liverwort 2,moss and liverwort ,,
54,N,H,T,2,2022-09-13,betula nana,,80,
54,N,H,T,2,2022-09-13,crowberry,,10,
54,N,H,T,2,2022-09-13,lingon,,5,
54,N,H,T,2,2022-09-13,salix,,10,
54,N,H,T,2,2022-09-13,torsklav,lichen,5,
54,N,H,T,2,2022-09-13,calamagrostis,,10,
54,N,H,T,2,2022-09-13,odon,,,
54,N,H,T,2,2022-09-13,liverwort 1,moss and liverwort ,70,
54,N,H,T,2,2022-09-13,liverwort 2,moss and liverwort ,,
54,N,H,T,2,2022-09-13,moss 1,moss and liverwort ,,
54,N,H,T,2,2022-09-13,moss 2,moss and liverwort ,,
54,N,H,T,2,2022-09-13,moss 3,moss and liverwort ,,
54,N,H,T,2,2022-09-13,moss 4,moss and liverwort ,,
54,N,H,T,2,2022-09-13,cladonia,lichen,,
54,N,H,T,2,2022-09-13,renlav,lichen,,
54,N,H,T,2,2022-09-13,lichen on birch,lichen,,
54,N,H,T,2,2022-09-13,cetraria cucullata,lichen,,"not islandslav, it's the same genus though, could also be Cetraria nivalis"
54,N,H,T,2,2022-09-13,nephroma expallidum,lichen,,
55,N,H,T,3,2022-09-13,betula nana,,70,
55,N,H,T,3,2022-09-13,salix,,30,
55,N,H,T,3,2022-09-13,calamagrostis,,10,
55,N,H,T,3,2022-09-13,crowberry,,70,
55,N,H,T,3,2022-09-13,odon,,10,
55,N,H,T,3,2022-09-13,lingon,,,
55,N,H,T,3,2022-09-13,liverwort ,moss and liverwort ,10,
55,N,H,T,3,2022-09-13,moss 1,moss and liverwort ,,
55,N,H,T,3,2022-09-13,moss 2,moss and liverwort ,,
55,N,H,T,3,2022-09-13,linnea blomma,,,
55,N,H,T,3,2022-09-13,renlav ,lichen,,
55,N,H,T,3,2022-09-13,kruståtel ,,,deschampsia flexuosa 
56,N,MH,C,1,2022-09-13,ripbär,,5,
56,N,MH,C,1,2022-09-13,odon,,,
56,N,MH,C,1,2022-09-13,vanlig styvstarr,,,
56,N,MH,C,1,2022-09-13,betula nana,,,
56,N,MH,C,1,2022-09-13,crowberry,,5,
56,N,MH,C,1,2022-09-13,equisetum scirpoides,,,
56,N,MH,C,1,2022-09-13,lapskalpros,,,
56,N,MH,C,1,2022-09-13,cetraria cucullata,lichen,60,"not islandslav, it's the same genus though, could also be Cetraria nivalis"
56,N,MH,C,1,2022-09-13,fjällsippa,,5,
56,N,MH,C,1,2022-09-13,renlav,lichen,,
56,N,MH,C,1,2022-09-13,cladonia,lichen,,
56,N,MH,C,1,2022-09-13,nephroma expallidum,lichen,,
56,N,MH,C,1,2022-09-13,kartlav,lichen,,on rock
56,N,MH,C,1,2022-09-13,bubbly lichen,lichen,,ochrolechia frigida
56,N,MH,C,1,2022-09-13,dotted O lichen,lichen,,
56,N,MH,C,1,2022-09-13,fjällvedel,,5,
56,N,MH,C,1,2022-09-13,calamagrostis,,,
56,N,MH,C,1,2022-09-13,moss 1,moss and liverwort ,40,
56,N,MH,C,1,2022-09-13,moss 2,moss and liverwort ,,
56,N,MH,C,1,2022-09-13,moss 3,moss and liverwort ,,
56,N,MH,C,1,2022-09-13,moss 4,moss and liverwort ,,
56,N,MH,C,1,2022-09-13,black moss,moss and liverwort ,,
56,N,MH,C,1,2022-09-13,fjällspira,,,
57,N,MH,C,2,2022-09-13,ripbär,,5,bright red
57,N,MH,C,2,2022-09-13,crowberry,,10,
57,N,MH,C,2,2022-09-13,salix,,,
57,N,MH,C,2,2022-09-13,odon,,5,
57,N,MH,C,2,2022-09-13,betula nana,,,
57,N,MH,C,2,2022-09-13,equisetum scirpoides,,,
57,N,MH,C,2,2022-09-13,cladonia,lichen,50,
57,N,MH,C,2,2022-09-13,fjällvedel,,5,
57,N,MH,C,2,2022-09-13,renlav,lichen,,
57,N,MH,C,2,2022-09-13,lapskalpros,,,
57,N,MH,C,2,2022-09-13,calamagrostis,,,
57,N,MH,C,2,2022-09-13,bubbly lichen,lichen,,ochrolechia frigida
57,N,MH,C,2,2022-09-13,cetraria cucullata,lichen,,"not islandslav, it's the same genus though, could also be Cetraria nivalis"
57,N,MH,C,2,2022-09-13,dotted O lichen,lichen,,
57,N,MH,C,2,2022-09-13,nephroma expallidum,lichen,,
57,N,MH,C,2,2022-09-13,kartlav,lichen,,on rock
57,N,MH,C,2,2022-09-13,moss 1,moss and liverwort ,60,mosses very dry or dead 
57,N,MH,C,2,2022-09-13,moss 2,moss and liverwort ,,mosses very dry or dead 
57,N,MH,C,2,2022-09-13,moss 3,moss and liverwort ,,mosses very dry or dead 
57,N,MH,C,2,2022-09-13,black moss,moss and liverwort ,,mosses very dry or dead 
57,N,MH,C,2,2022-09-13,stereocaulon,lichen,,
57,N,MH,C,2,2022-09-13,,rock,5,
58,N,MH,C,3,2022-09-13,vanlig styvstarr,graminoid,5,
58,N,MH,C,3,2022-09-13,crowberry,,5,
58,N,MH,C,3,2022-09-13,odon,,20,
58,N,MH,C,3,2022-09-13,calamagrostis,graminoid,,
58,N,MH,C,3,2022-09-13,fjällsippa,,5,
58,N,MH,C,3,2022-09-13,fjällvedel,,,
58,N,MH,C,3,2022-09-13,equisetum scirpoides,,,
58,N,MH,C,3,2022-09-13,cladonia,lichen,70,
58,N,MH,C,3,2022-09-13,cetraria cucullata,lichen,,"not islandslav, it's the same genus though, could also be Cetraria nivalis"
58,N,MH,C,3,2022-09-13,salix,,,
58,N,MH,C,3,2022-09-13,kartlav,lichen,,on rock
58,N,MH,C,3,2022-09-13,betula nana,,,
58,N,MH,C,3,2022-09-13,black lichen,lichen,,on rock
58,N,MH,C,3,2022-09-13,renlav,lichen,,
58,N,MH,C,3,2022-09-13,bubbly lichen,lichen,,ochrolechia frigida
58,N,MH,C,3,2022-09-13,liverwort,moss and liverwort ,30,
58,N,MH,C,3,2022-09-13,moss 1,moss and liverwort ,,
58,N,MH,C,3,2022-09-13,moss 2,moss and liverwort ,,
58,N,MH,C,3,2022-09-13,moss 3,moss and liverwort ,,
58,N,MH,C,3,2022-09-13,black moss,moss and liverwort ,,
58,N,MH,C,3,2022-09-13,fjällgröna ,,,
58,N,MH,C,3,2022-09-13,,rock,5,
59,N,MH,S,1,2022-09-13,kantljung,,15,
59,N,MH,S,1,2022-09-13,björnbrodd,,,
59,N,MH,S,1,2022-09-13,svarthö,,,
59,N,MH,S,1,2022-09-13,ripbär,,15,
59,N,MH,S,1,2022-09-13,renlav,lichen,15,
59,N,MH,S,1,2022-09-13,betula nana,,10,
59,N,MH,S,1,2022-09-13,equisetum scirpoides,,,
59,N,MH,S,1,2022-09-13,cladonia,lichen,,
59,N,MH,S,1,2022-09-13,cetraria cucullata,lichen,,"not islandslav, it's the same genus though, could also be Cetraria nivalis"
59,N,MH,S,1,2022-09-13,vanlig styvstarr,,,
59,N,MH,S,1,2022-09-13,rosling,,,
59,N,MH,S,1,2022-09-13,torsklav,lichen,,
59,N,MH,S,1,2022-09-13,liverwort,moss and liverwort ,35,
59,N,MH,S,1,2022-09-13,fjällgröna,,,
59,N,MH,S,1,2022-09-13,moss 1,moss and liverwort ,,
59,N,MH,S,1,2022-09-13,moss 2,moss and liverwort ,,
59,N,MH,S,1,2022-09-13,moss 3,moss and liverwort ,,
59,N,MH,S,1,2022-09-13,black moss ,moss and liverwort ,,
59,N,MH,S,1,2022-09-13,ormrot ,,,
59,N,MH,S,1,2022-09-13,crowberry ,,65,
59,N,MH,S,1,2022-09-13,odon,,15,
60,N,MH,T,1,2022-09-13,betula nana,,70,
60,N,MH,T,1,2022-09-13,salix,,,
60,N,MH,T,1,2022-09-13,crowberry ,,80,
60,N,MH,T,1,2022-09-13,odon,,20,
60,N,MH,T,1,2022-09-13,kantljung,,,
60,N,MH,T,1,2022-09-13,fjällvedel,,,
60,N,MH,T,1,2022-09-13,equisetum scirpoides,,,
60,N,MH,T,1,2022-09-13,ripbär,,,
60,N,MH,T,1,2022-09-13,torsklav,lichen,,
60,N,MH,T,1,2022-09-13,liverwort,moss and liverwort ,20,
60,N,MH,T,1,2022-09-13,moss,moss and liverwort ,,
60,N,MH,T,1,2022-09-13,renlav,lichen,,
60,N,MH,T,1,2022-09-13,vanlig styvstarr,,,
60,N,MH,T,1,2022-09-13,norrlandslav,lichen,,
60,N,MH,T,1,2022-09-13,ormrot ,,,
61,N,MH,S,2,2022-09-13,crowberry ,,75,
61,N,MH,S,2,2022-09-13,odon,,25,
61,N,MH,S,2,2022-09-13,betula nana,,10,
61,N,MH,S,2,2022-09-13,fjällsippa,,5,
61,N,MH,S,2,2022-09-13,cladonia,lichen,5,
61,N,MH,S,2,2022-09-13,renlav,lichen,,
61,N,MH,S,2,2022-09-13,liverwort,moss and liverwort ,,
61,N,MH,S,2,2022-09-13,vanlig styvstarr,,,
61,N,MH,S,2,2022-09-13,ripbär,,,
61,N,MH,S,2,2022-09-13,equisetum scirpoides,,,
61,N,MH,S,2,2022-09-13,moss 1,moss and liverwort ,40,
61,N,MH,S,2,2022-09-13,moss 2,moss and liverwort ,,
61,N,MH,S,2,2022-09-13,moss 3,moss and liverwort ,,
61,N,MH,S,2,2022-09-13,nephroma expallidum,lichen,,
61,N,MH,S,2,2022-09-13,stereocaulon,lichen,,
61,N,MH,S,2,2022-09-13,cetraria cucullata,lichen,,"not islandslav, it's the same genus though, could also be Cetraria nivalis"
61,N,MH,S,2,2022-09-13,torsklav,lichen,,
61,N,MH,S,2,2022-09-13,calamagrostis,,,
61,N,MH,S,2,2022-09-13,fårsvingel ,,,
62,N,MH,T,2,2022-09-13,salix,,5,
62,N,MH,T,2,2022-09-13,betula nana,,60,
62,N,MH,T,2,2022-09-13,crowberry ,,60,
62,N,MH,T,2,2022-09-13,odon,,15,
62,N,MH,T,2,2022-09-13,renlav,lichen,5,
62,N,MH,T,2,2022-09-13,fårsvingel ,,,
62,N,MH,T,2,2022-09-13,vanlig styvstarr,,,
62,N,MH,T,2,2022-09-13,norrlandslav,lichen,,
62,N,MH,T,2,2022-09-13,torsklav,lichen,,
62,N,MH,T,2,2022-09-13,calamagrostis,,,
62,N,MH,T,2,2022-09-13,liverwort,moss and liverwort ,40,
62,N,MH,T,2,2022-09-13,moss 1,moss and liverwort ,,
62,N,MH,T,2,2022-09-13,moss 2,moss and liverwort ,,
62,N,MH,T,2,2022-09-13,moss 3,moss and liverwort ,,
62,N,MH,T,2,2022-09-13,moss 4,moss and liverwort ,,
62,N,MH,T,2,2022-09-13,fjällvedel,,,
62,N,MH,T,2,2022-09-13,equisetum scirpoides,,,
62,N,MH,T,2,2022-09-13,lichen on birch,lichen,,
62,N,MH,T,2,2022-09-13,cladonia,lichen,,
62,N,MH,T,2,2022-09-13,dotted O lichen,lichen,,
63,N,MH,S,3,2022-09-13,betula nana,,20,
63,N,MH,S,3,2022-09-13,crowberry ,,50,
63,N,MH,S,3,2022-09-13,ripbär,,5,
63,N,MH,S,3,2022-09-13,odon,,25,
63,N,MH,S,3,2022-09-13,fjällvedel,,,
63,N,MH,S,3,2022-09-13,kantljung,,10,
63,N,MH,S,3,2022-09-13,björnbrodd,,,
63,N,MH,S,3,2022-09-13,lunglav,lichen,5,
63,N,MH,S,3,2022-09-13,equisetum scirpoides,,,
63,N,MH,S,3,2022-09-13,liverwort,moss and liverwort ,70,
63,N,MH,S,3,2022-09-13,moss 1,moss and liverwort ,,
63,N,MH,S,3,2022-09-13,moss 2,moss and liverwort ,,
63,N,MH,S,3,2022-09-13,moss 3,moss and liverwort ,,
63,N,MH,S,3,2022-09-13,nephroma expallidum,lichen,,
63,N,MH,S,3,2022-09-13,calamagrostis,,,
63,N,MH,S,3,2022-09-13,norrlandslav,lichen,,
63,N,MH,S,3,2022-09-13,cetraria cucullata,lichen,,"not islandslav, it's the same genus though, could also be Cetraria nivalis"
63,N,MH,S,3,2022-09-13,renlav,lichen,,
63,N,MH,S,3,2022-09-13,torsklav,lichen,,
63,N,MH,S,3,2022-09-13,fårsvingel ,,,
63,N,MH,S,3,2022-09-13,lapskalpros ,,,
64,N,MH,T,3,2022-09-13,betula nana,,60,yellow and red 
64,N,MH,T,3,2022-09-13,crowberry ,,60,
64,N,MH,T,3,2022-09-13,ripbär,,10,
64,N,MH,T,3,2022-09-13,odon,,10,
64,N,MH,T,3,2022-09-13,fjällsippa,,,
64,N,MH,T,3,2022-09-13,equisetum scirpoides,,,
64,N,MH,T,3,2022-09-13,ormrot ,,,
64,N,MH,T,3,2022-09-13,spira,,,
64,N,MH,T,3,2022-09-13,torsklav,lichen,,
64,N,MH,T,3,2022-09-13,fjällvedel,,,
64,N,MH,T,3,2022-09-13,fårsvingel ,graminoid,10,
64,N,MH,T,3,2022-09-13,kantljung,,,
64,N,MH,T,3,2022-09-13,moss 1,moss and liverwort ,50,
64,N,MH,T,3,2022-09-13,moss 2,moss and liverwort ,,
64,N,MH,T,3,2022-09-13,moss 3,moss and liverwort ,,
64,N,MH,T,3,2022-09-13,calamagrostis,graminoid,,
64,N,MH,T,3,2022-09-13,liverwort,moss and liverwort ,,
64,N,MH,T,3,2022-09-13,cladonia,lichen,,
64,N,MH,T,3,2022-09-13,renlav,lichen,,
64,N,MH,T,3,2022-09-13,cetraria cucullata,lichen,,"not islandslav, it's the same genus though, could also be Cetraria nivalis"
64,N,MH,T,3,2022-09-13,lapskalpros ,,,
64,N,MH,T,3,2022-09-13,tuvnarv,,,
64,N,MH,T,3,2022-09-13,norrlandslav,lichen,,
65,N,M,C,1,2022-09-13,krypljung,,10,orange
65,N,M,C,1,2022-09-13,fjällgröna,,,
65,N,M,C,1,2022-09-13,crowberry ,,15,
65,N,M,C,1,2022-09-13,betula nana,,5,orange
65,N,M,C,1,2022-09-13,fjällsippa,,5,yellow
65,N,M,C,1,2022-09-13,odon,,,
65,N,M,C,1,2022-09-13,renlav,lichen,65,
65,N,M,C,1,2022-09-13,vanlig styvstarr,,,
65,N,M,C,1,2022-09-13,lingon,,,
65,N,M,C,1,2022-09-13,cetraria cucullata,lichen,,"not islandslav, it's the same genus though, could also be Cetraria nivalis"
65,N,M,C,1,2022-09-13,kartlav,lichen,,on rock
65,N,M,C,1,2022-09-13,navellav,lichen,,on rock
65,N,M,C,1,2022-09-13,skorplav 1,lichen,,on rock
65,N,M,C,1,2022-09-13,skorplav 2,lichen,,on rock
65,N,M,C,1,2022-09-13,skorplav 3,lichen,,on rock
65,N,M,C,1,2022-09-13,skorplav 4,lichen,,on rock
65,N,M,C,1,2022-09-13,tätört,,,
65,N,M,C,1,2022-09-13,equisetum scirpoides,,,
65,N,M,C,1,2022-09-13,b&w lichen,lichen,,
65,N,M,C,1,2022-09-13,cladonia,lichen,,
65,N,M,C,1,2022-09-13,moss 1,moss and liverwort ,15,
65,N,M,C,1,2022-09-13,moss 2,moss and liverwort ,,
65,N,M,C,1,2022-09-13,black moss ,moss and liverwort ,,
65,N,M,C,1,2022-09-13,fårsvingel ,,,
65,N,M,C,1,2022-09-13,,rock,30,
66,N,M,S,1,2022-09-13,betula nana,,,
66,N,M,S,1,2022-09-13,crowberry,,95,
66,N,M,S,1,2022-09-13,lingon,,,
66,N,M,S,1,2022-09-13,norrlandslav,lichen,10,
66,N,M,S,1,2022-09-13,odon,,,
66,N,M,S,1,2022-09-13,torsklav,lichen,,
66,N,M,S,1,2022-09-13,renlav,lichen,,
66,N,M,S,1,2022-09-13,ripbär,,5,
66,N,M,S,1,2022-09-13,vanlig styvstarr,,,
66,N,M,S,1,2022-09-13,fårsvingel,,,
66,N,M,S,1,2022-09-13,calamagrostis,,,
66,N,M,S,1,2022-09-13,equisetum scirpoides,,,
66,N,M,S,1,2022-09-13,moss 1,moss and liverwort ,70,
66,N,M,S,1,2022-09-13,moss 2,moss and liverwort ,,
66,N,M,S,1,2022-09-13,moss 3,moss and liverwort ,,
66,N,M,S,1,2022-09-13,moss 4,moss and liverwort ,,
66,N,M,S,1,2022-09-13,liverwort,moss and liverwort ,,
66,N,M,S,1,2022-09-13,cetraria cucullata,lichen,,"not islandslav, it's the same genus though, could also be Cetraria nivalis"
67,N,M,C,2,2022-09-13,krypljung,,5,
67,N,M,C,2,2022-09-13,fjällgröna,,,
67,N,M,C,2,2022-09-13,tätört,,,
67,N,M,C,2,2022-09-13,fjällsippa,,,
67,N,M,C,2,2022-09-13,lingon,,,
67,N,M,C,2,2022-09-13,vanlig styvstarr,,,
67,N,M,C,2,2022-09-13,betula nana,,5,
67,N,M,C,2,2022-09-13,odon,,,
67,N,M,C,2,2022-09-13,crowberry,,5,
67,N,M,C,2,2022-09-13,cetraria cucullata,lichen,65,"not islandslav, it's the same genus though, could also be Cetraria nivalis"
67,N,M,C,2,2022-09-13,kartlav,lichen,,on rocks
67,N,M,C,2,2022-09-13,navellav,lichen,,on rocks
67,N,M,C,2,2022-09-13,cladonia,lichen,,
67,N,M,C,2,2022-09-13,stereocaulon,lichen,,
67,N,M,C,2,2022-09-13,renlav,lichen,,
67,N,M,C,2,2022-09-13,bubbly lichen,lichen,,ochrolechia frigida
67,N,M,C,2,2022-09-13,skorplav 1,lichen,,on rocks
67,N,M,C,2,2022-09-13,skorplav 2,lichen,,on rocks
67,N,M,C,2,2022-09-13,skorplav 3,lichen,,on rocks
67,N,M,C,2,2022-09-13,skorplav 4,lichen,,on rocks
67,N,M,C,2,2022-09-13,dotted O lichen,lichen,,
67,N,M,C,2,2022-09-13,moss 1,moss and liverwort ,,
67,N,M,C,2,2022-09-13,moss 2,moss and liverwort ,,
67,N,M,C,2,2022-09-13,moss 3,moss and liverwort ,,
67,N,M,C,2,2022-09-13,liverwort,moss and liverwort ,,
67,N,M,C,2,2022-09-13,norrlandslav,lichen,,
67,N,M,C,2,2022-09-13,ripbär,,,
67,N,M,C,2,2022-09-13,,poop,5,
67,N,M,C,2,2022-09-13,,rock,20,
68,N,M,T,1,2022-09-13,betula nana,,70,
68,N,M,T,1,2022-09-13,odon,,15,
68,N,M,T,1,2022-09-13,lingon,,70,
68,N,M,T,1,2022-09-13,ripbär,,,
68,N,M,T,1,2022-09-13,liverwort,moss and liverwort,35,
68,N,M,T,1,2022-09-13,torsklav,lichen,,
68,N,M,T,1,2022-09-13,renlav,lichen,,
68,N,M,T,1,2022-09-13,lichen on birch 1,lichen,,
68,N,M,T,1,2022-09-13,lichen on birch 2,lichen,,
68,N,M,T,1,2022-09-13,equisetum scirpoides,,,
68,N,M,T,1,2022-09-13,nephroma expallidum,lichen,,
68,N,M,T,1,2022-09-13,moss 3,moss and liverwort,,
68,N,M,T,1,2022-09-13,moss 2,moss and liverwort,,
68,N,M,T,1,2022-09-13,moss 1,moss and liverwort,,
68,N,M,T,1,2022-09-13,styvstarr,,,
68,N,M,T,1,2022-09-13,unknown ,,,
68,N,M,T,1,2022-09-13,cetraria cucullata,lichen,20,"not islandslav, it's the same genus though, could also be Cetraria nivalis"
68,N,M,T,1,2022-09-13,kartlav,lichen,,
68,N,M,T,1,2022-09-13,skorplav 1,lichen,,
68,N,M,T,1,2022-09-13,skorplav 2,lichen,,
68,N,M,T,1,2022-09-13,skorplav 3,lichen,,
68,N,M,T,1,2022-09-13,fårsvingel,,,
68,N,M,T,1,2022-09-13,krypljung ,,,
68,N,M,T,1,2022-09-13,,rock,5,
69,N,M,S,2,2022-09-13,crowberry,,,
69,N,M,S,2,2022-09-13,ripbär,,,
69,N,M,S,2,2022-09-13,odon,,,
69,N,M,S,2,2022-09-13,betula nana,,5,
69,N,M,S,2,2022-09-13,lingon,,15,
69,N,M,S,2,2022-09-13,nephroma expallidum,lichen,,
69,N,M,S,2,2022-09-13,styvstarr,,,
69,N,M,S,2,2022-09-13,torsklav,lichen,,
69,N,M,S,2,2022-09-13,cladonia,lichen,,
69,N,M,S,2,2022-09-13,calamagrostis,,,
69,N,M,S,2,2022-09-13,renlav,lichen,20,
69,N,M,S,2,2022-09-13,cetraria cucullata,lichen,,"not islandslav, it's the same genus though, could also be Cetraria nivalis"
69,N,M,S,2,2022-09-13,fårsvingel,,15,
69,N,M,S,2,2022-09-13,kartlav ,lichen,,on rocks 
69,N,M,S,2,2022-09-13,liverwort,moss and liverwort,35,
69,N,M,S,2,2022-09-13,moss 1,moss and liverwort,,
69,N,M,S,2,2022-09-13,moss 2,moss and liverwort,,
69,N,M,S,2,2022-09-13,moss 3,moss and liverwort,,
69,N,M,S,2,2022-09-13,moss 4,moss and liverwort,,
69,N,M,S,2,2022-09-13,moss 5,moss and liverwort,,
69,N,M,S,2,2022-09-13,krypljung,,,
69,N,M,S,2,2022-09-13,bubbly lichen,lichen,,ochrolechia frigida
70,N,M,T,2,2022-09-13,equisetum pratense,,,
70,N,M,T,2,2022-09-13,betula nana ,,90,
70,N,M,T,2,2022-09-13,norrlandslav,lichen,,
70,N,M,T,2,2022-09-13,renlav,lichen,,
70,N,M,T,2,2022-09-13,crowberry,,10,
70,N,M,T,2,2022-09-13,fårsvingel,,20,
70,N,M,T,2,2022-09-13,cladonia,lichen,,
70,N,M,T,2,2022-09-13,odon,,5,
70,N,M,T,2,2022-09-13,liverwort,moss and liverwort,70,
70,N,M,T,2,2022-09-13,moss 1,moss and liverwort,,
70,N,M,T,2,2022-09-13,moss 2,moss and liverwort,,
70,N,M,T,2,2022-09-13,moss 3,moss and liverwort,,
70,N,M,T,2,2022-09-13,cetraria cucullata ,lichen,,"not islandslav, it's the same genus though, could also be Cetraria nivalis"
71,N,M,C,3,2022-09-13,betula nana,,5,
71,N,M,C,3,2022-09-13,odon,,5,
71,N,M,C,3,2022-09-13,crowberry,,10,
71,N,M,C,3,2022-09-13,ripbär,,,
71,N,M,C,3,2022-09-13,krypljung,,5,
71,N,M,C,3,2022-09-13,styvstarr,,,
71,N,M,C,3,2022-09-13,lingon,,,
71,N,M,C,3,2022-09-13,klynnetåg,,,
71,N,M,C,3,2022-09-13,renlav,lichen,65,
71,N,M,C,3,2022-09-13,cladonia,lichen,,
71,N,M,C,3,2022-09-13,moss,moss and liverwort,,
71,N,M,C,3,2022-09-13,bubbly lichen,lichen,,ochrolechia frigida
71,N,M,C,3,2022-09-13,cetraria cucullata,lichen,,"not islandslav, it's the same genus though, could also be Cetraria nivalis"
71,N,M,C,3,2022-09-13,kartlav,lichen,,on rock
71,N,M,C,3,2022-09-13,navellav,lichen,,on rock
71,N,M,C,3,2022-09-13,,rock,10,
72,N,M,S,3,2022-09-13,crowberry,,80,
72,N,M,S,3,2022-09-13,ripbär,,5,
72,N,M,S,3,2022-09-13,lingon,,,
72,N,M,S,3,2022-09-13,odon,,5,
72,N,M,S,3,2022-09-13,styvstarr,,,
72,N,M,S,3,2022-09-13,stereocaulon,lichen,,
72,N,M,S,3,2022-09-13,liverwort,moss and liverwort,40,
72,N,M,S,3,2022-09-13,moss 1,moss and liverwort,,
72,N,M,S,3,2022-09-13,moss 2,moss and liverwort,,
72,N,M,S,3,2022-09-13,moss 3,moss and liverwort,,
72,N,M,S,3,2022-09-13,renlav ,lichen,,
72,N,M,S,3,2022-09-13,cetraria cucullata,lichen,,"not islandslav, it's the same genus though, could also be Cetraria nivalis"
72,N,M,S,3,2022-09-13,cladonia,lichen,,
72,N,M,S,3,2022-09-13,nephroma expallidum,lichen,,
73,N,M,T,3,2022-09-13,betula nana,,70,
73,N,M,T,3,2022-09-13,ripbär,,,
73,N,M,T,3,2022-09-13,renlav,lichen,,
73,N,M,T,3,2022-09-13,navellav,lichen,,on rock 
73,N,M,T,3,2022-09-13,odon,,,
73,N,M,T,3,2022-09-13,cetraria cucullata,lichen,,"not islandslav, it's the same genus though, could also be Cetraria nivalis"
73,N,M,T,3,2022-09-13,styvstarr,,,
73,N,M,T,3,2022-09-13,stereocaulon,lichen,,
73,N,M,T,3,2022-09-13,liverwort,moss and liverwort ,,
73,N,M,T,3,2022-09-13,lichen on birch,lichen,,
73,N,M,T,3,2022-09-13,skorplav 1,lichen,,
73,N,M,T,3,2022-09-13,skorplav 3,lichen,10,
73,N,M,T,3,2022-09-13,skorplav 2,lichen,,
73,N,M,T,3,2022-09-13,kartlav,lichen,,on rock
73,N,M,T,3,2022-09-13,moss,moss and liverwort ,30,
73,N,M,T,3,2022-09-13,crowberry,,50,
73,N,M,T,3,2022-09-13,lingon,,45,
73,N,M,T,3,2022-09-13,fårsvingel,,10,
74,N,ML,C,1,2022-09-13,odon,,,
74,N,ML,C,1,2022-09-13,renlav,lichen,,
74,N,ML,C,1,2022-09-13,cladonia,lichen,55,
74,N,ML,C,1,2022-09-13,navellav,lichen,,on rock
74,N,ML,C,1,2022-09-13,kartlav,lichen,,on rock
74,N,ML,C,1,2022-09-13,skorplav,lichen,,on rock
74,N,ML,C,1,2022-09-13,fjällgröna,,,
74,N,ML,C,1,2022-09-13,moss 1,moss and liverwort,40,
74,N,ML,C,1,2022-09-13,moss 2,moss and liverwort,,
74,N,ML,C,1,2022-09-13,rosling ,,,
74,N,ML,C,1,2022-09-13,moss 3,moss and liverwort,,
74,N,ML,C,1,2022-09-13,bubbly lichen,lichen,,ochrolechia frigida
74,N,ML,C,1,2022-09-13,björnbrodd,,,
74,N,ML,C,1,2022-09-13,lingon,,,
74,N,ML,C,1,2022-09-13,tätört,,,
74,N,ML,C,1,2022-09-13,cetraria cucullata,lichen,,"not islandslav, it's the same genus though, could also be Cetraria nivalis"
74,N,ML,C,1,2022-09-13,krypljung,,5,
74,N,ML,C,1,2022-09-13,crowberry,,10,
74,N,ML,C,1,2022-09-13,betula nana,,,
74,N,ML,C,1,2022-09-13,,rock ,25,
75,N ,ML,T,1,2022-09-13,betula nana,,30,
75,N ,ML,T,1,2022-09-13,lingon,,25,
75,N ,ML,T,1,2022-09-13,odon,,10,
75,N ,ML,T,1,2022-09-13,calamagrostis,,5,
75,N ,ML,T,1,2022-09-13,equisetum pratense,,5,
75,N ,ML,T,1,2022-09-13,moss 2,moss and liverwort,,
75,N ,ML,T,1,2022-09-13,moss 1,moss and liverwort,15,
75,N ,ML,T,1,2022-09-13,moss 3,moss and liverwort,,
75,N ,ML,T,1,2022-09-13,lichen on birch,lichen,,
75,N ,ML,T,1,2022-09-13,cetraria cucullata ,lichen,,"not islandslav, it's the same genus though, could also be Cetraria nivalis"
75,N ,ML,T,1,2022-09-13,cloudberry,,,
75,N ,ML,T,1,2022-09-13,liverwort,moss and liverwort,,
75,N ,ML,T,1,2022-09-13,salix,,35,
75,N ,ML,T,1,2022-09-13,norrlandslav,lichen,,
75,N ,ML,T,1,2022-09-13,crowberry,,95,
76,N,ML,S,1,2022-09-13,crowberry,,75,
76,N,ML,S,1,2022-09-13,betula nana,,5,
76,N,ML,S,1,2022-09-13,salix,,5,
76,N,ML,S,1,2022-09-13,lingon,,5,
76,N,ML,S,1,2022-09-13,cloudberry,,,
76,N,ML,S,1,2022-09-13,torsklav,lichen,,
76,N,ML,S,1,2022-09-13,liverwort,moss and liverwort ,60,
76,N,ML,S,1,2022-09-13,calamagrostis,,5,
76,N,ML,S,1,2022-09-13,norrlandslav,lichen,,
76,N,ML,S,1,2022-09-13,cladonia,lichen,20,
76,N,ML,S,1,2022-09-13,renlav,lichen,,
76,N,ML,S,1,2022-09-13,ripbär,,,
76,N,ML,S,1,2022-09-13,moss 1,moss and liverwort,,
76,N,ML,S,1,2022-09-13,moss 1,moss and liverwort,,
76,N,ML,S,1,2022-09-13,moss 3,moss and liverwort,,
76,N,ML,S,1,2022-09-13,skorplav,lichen,,on rock
76,N,ML,S,1,2022-09-13,cetraria cucullata,lichen,,"not islandslav, it's the same genus though, could also be Cetraria nivalis"
76,N,ML,S,1,2022-09-13,bubbly lichen,lichen,,ochrolechia frigida
76,N,ML,S,1,2022-09-13,kartlav,lichen,,on rock
76,N,ML,S,1,2022-09-13,odon,,10,
77,N,ML,C,2,2022-09-13,ripbär,,,
77,N,ML,C,2,2022-09-13,styvstarr,,,
77,N,ML,C,2,2022-09-13,krypljung,,5,
77,N,ML,C,2,2022-09-13,fjällgröna,,,
77,N,ML,C,2,2022-09-13,björnbrodd,,,
77,N,ML,C,2,2022-09-13,ormrot,,,
77,N,ML,C,2,2022-09-13,lapskalpros,,,
77,N,ML,C,2,2022-09-13,tätört,,,
77,N,ML,C,2,2022-09-13,cetraria cucullata,lichen,50,"not islandslav, it's the same genus though, could also be Cetraria nivalis"
77,N,ML,C,2,2022-09-13,navellav,lichen,,on rock
77,N,ML,C,2,2022-09-13,renlav ,lichen,,
77,N,ML,C,2,2022-09-13,saffrans lav,lichen,,
77,N,ML,C,2,2022-09-13,kartlav,lichen,,
77,N,ML,C,2,2022-09-13,betula nana,,,
77,N,ML,C,2,2022-09-13,odon,,,
77,N,ML,C,2,2022-09-13,dotted O lichen,lichen,,
77,N,ML,C,2,2022-09-13,moss 1,moss and liverwort,35,
77,N,ML,C,2,2022-09-13,moss 2 ,moss and liverwort,,
77,N,ML,C,2,2022-09-13,,rock,30,
77,N,ML,C,2,2022-09-13,cladonia ,lichen,,
77,N,ML,C,2,2022-09-13,crowberry,,,
78,N ,ML,T,2,2022-09-13,salix,,30,
78,N ,ML,T,2,2022-09-13,betula nana,,50,
78,N ,ML,T,2,2022-09-13,crowberry,,50,
78,N ,ML,T,2,2022-09-13,fårsvingel,,10,
78,N ,ML,T,2,2022-09-13,torsklav,lichen,5,
78,N ,ML,T,2,2022-09-13,equisetum pratense,,,
78,N ,ML,T,2,2022-09-13,renlav,lichen,,
78,N ,ML,T,2,2022-09-13,cladonia,lichen,,
78,N ,ML,T,2,2022-09-13,nephroma expallidum,lichen,,
78,N ,ML,T,2,2022-09-13,liverwort,moss and liverwort,,
78,N ,ML,T,2,2022-09-13,moss 1,moss and liverwort,70,
78,N ,ML,T,2,2022-09-13,moss 1,moss and liverwort,,
78,N ,ML,T,2,2022-09-13,moss 1,moss and liverwort,,
78,N ,ML,T,2,2022-09-13,moss 4,moss and liverwort,,
78,N ,ML,T,2,2022-09-13,lingon,,,
78,N ,ML,T,2,2022-09-13,lichen on birch,lichen,,
78,N ,ML,T,2,2022-09-13,cloudberry,,,
79,N,ML,S,2,2022-09-13,betula nana,,,
79,N,ML,S,2,2022-09-13,styvstarr,,,
79,N,ML,S,2,2022-09-13,odon,,,
79,N,ML,S,2,2022-09-13,crowberry,,65,
79,N,ML,S,2,2022-09-13,equisetum pratense,,5,
79,N,ML,S,2,2022-09-13,liverwort 1,moss and liverwort,75,
79,N,ML,S,2,2022-09-13,moss 1,moss and liverwort,,
79,N,ML,S,2,2022-09-13,moss 2,moss and liverwort,,
79,N,ML,S,2,2022-09-13,moss 3,moss and liverwort,,
79,N,ML,S,2,2022-09-13,renlav,lichen,15,
79,N,ML,S,2,2022-09-13,cetraria cucullata,lichen,,"not islandslav, it's the same genus though, could also be Cetraria nivalis"
79,N,ML,S,2,2022-09-13,nephroma expallidum,lichen,,
79,N,ML,S,2,2022-09-13,calamagrostis,,5,
79,N,ML,S,2,2022-09-13,stereocaulon,lichen,,
79,N,ML,S,2,2022-09-13,torsklav,lichen,,
79,N,ML,S,2,2022-09-13,liverwort 2,moss and liverwort,,
79,N,ML,S,2,2022-09-13,lingon,,,
79,N,ML,S,2,2022-09-13,norrlandslav ,lichen,,
79,N,ML,S,2,2022-09-13,rosling,,30,
79,N,ML,S,2,2022-09-13,cloudberry,,,
80,N ,ML,L,3,2022-09-13,lingon,,,
80,N ,ML,L,3,2022-09-13,odon,,,
80,N ,ML,L,3,2022-09-13,rosling,,,
80,N ,ML,L,3,2022-09-13,krypljung,,,
80,N ,ML,L,3,2022-09-13,cloudberry,,,
80,N ,ML,L,3,2022-09-13,equisetum pratense,,,
80,N ,ML,L,3,2022-09-13,unknown,,,
80,N ,ML,L,3,2022-09-13,calamagrostis,,,
80,N ,ML,L,3,2022-09-13,renlav,lichen,,
80,N ,ML,L,3,2022-09-13,fjällgröna,,,
80,N ,ML,L,3,2022-09-13,cladonia,lichen,,
80,N ,ML,L,3,2022-09-13,cetraria cucullata,lichen,,"not islandslav, it's the same genus though, could also be Cetraria nivalis"
80,N ,ML,L,3,2022-09-13,kartlav,lichen,,on rock
80,N ,ML,L,3,2022-09-13,skorplav,lichen,75,on rock
80,N ,ML,L,3,2022-09-13,navellav,lichen,,on rock
80,N ,ML,L,3,2022-09-13,stereocaulon,lichen,,
80,N ,ML,L,3,2022-09-13,moss 1,moss and liverwort,,
80,N ,ML,L,3,2022-09-13,moss 2,moss and liverwort,,
80,N ,ML,L,3,2022-09-13,bubbly lichen,lichen,,ochrolechia frigida
80,N ,ML,L,3,2022-09-13,crowberry,,10,
81,N ,ML,S,3,2022-09-13,crowberry,,90,
81,N ,ML,S,3,2022-09-13,betula nana,,20,
81,N ,ML,S,3,2022-09-13,odon,,5,
81,N ,ML,S,3,2022-09-13,cloudberry,,,
81,N ,ML,S,3,2022-09-13,salix,,5,
81,N ,ML,S,3,2022-09-13,equisetum pratense,,5,
81,N ,ML,S,3,2022-09-13,fjällgröna,,,
81,N ,ML,S,3,2022-09-13,nephroma expallidum,lichen,,
81,N ,ML,S,3,2022-09-13,kartlav,lichen,,on rock
81,N ,ML,S,3,2022-09-13,björnbrodd,,,
81,N ,ML,S,3,2022-09-13,renlav,lichen,,
81,N ,ML,S,3,2022-09-13,cladonia,lichen,,
81,N ,ML,S,3,2022-09-13,lingon,,,
81,N ,ML,S,3,2022-09-13,calamagrostis,,,
81,N ,ML,S,3,2022-09-13,torsklav,lichen,,
81,N ,ML,S,3,2022-09-13,norrlandslav,lichen,,
81,N ,ML,S,3,2022-09-13,liverwort,moss and liverwort,5,
81,N ,ML,S,3,2022-09-13,moss 1,moss and liverwort,,
81,N ,ML,S,3,2022-09-13,moss 2,moss and liverwort,,
81,N ,ML,S,3,2022-09-13,rosling,,,
82,N,ML,T,3,2022-09-13,betula nana,,70,
82,N,ML,T,3,2022-09-13,lingon,,75,
82,N,ML,T,3,2022-09-13,crowberry,,15,
82,N,ML,T,3,2022-09-13,equisetum pratense,,5,
82,N,ML,T,3,2022-09-13,norrlandslav,lichen,,
82,N,ML,T,3,2022-09-13,calamagrostis,,10,
82,N,ML,T,3,2022-09-13,liverwort,moss and liverwort,,
82,N,ML,T,3,2022-09-13,moss 1,moss and liverwort,,
82,N,ML,T,3,2022-09-13,moss 2,moss and liverwort,,
82,N,ML,T,3,2022-09-13,moss 3,moss and liverwort,70,
82,N,ML,T,3,2022-09-13,renlav,lichen,5,
82,N,ML,T,3,2022-09-13,lichen on birch,lichen,,
82,N,ML,T,3,2022-09-13,torsklav,lichen,,
82,N,ML,T,3,2022-09-13,styvstarr,,,
82,N,ML,T,3,2022-09-13,cladonia,lichen,,
3,N,L,T,2,2022-09-09,betula nana,,60,
3,N,L,T,2,2022-09-09,odon,,20,
3,N,L,T,2,2022-09-09,crowberry,,40,
3,N,L,T,2,2022-09-09,lingon,,30,
3,N,L,T,2,2022-09-09,liverwort,moss and liverwot,60,
3,N,L,T,2,2022-09-09,nephroma expallidum,lichen,10,
3,N,L,T,2,2022-09-09,cladonia,lichen,,
3,N,L,T,2,2022-09-09,lichen on birch,lichen,,
3,N,L,T,2,2022-09-09,renlav,lichen,,
3,N,L,T,2,2022-09-09,moss 1,moss and liverwot,,
3,N,L,T,2,2022-09-09,moss 2,moss and liverwot,,
3,N,L,T,2,2022-09-09,moss 3,moss and liverwot,,
3,N,L,T,2,2022-09-09,moss 4,moss and liverwot,,
3,N,L,T,2,2022-09-09,calamagrostis,,,dead
4,N,L,S,2,2022-09-09,ripbär,,40,
4,N,L,S,2,2022-09-09,odon,,10,
4,N,L,S,2,2022-09-09,crowberry,,40,
4,N,L,S,2,2022-09-09,calamagrostis,,,
4,N,L,S,2,2022-09-09,betula nana,,,
4,N,L,S,2,2022-09-09,rosling,,,
4,N,L,S,2,2022-09-09,lingon,,10,
4,N,L,S,2,2022-09-09,renlav,lichen,15,
4,N,L,S,2,2022-09-09,torsklav,lichen,,
4,N,L,S,2,2022-09-09,nephroma expallidum,lichen,,
4,N,L,S,2,2022-09-09,cladonia,lichen,,
4,N,L,S,2,2022-09-09,dotted O lichen,lichen,,
4,N,L,S,2,2022-09-09,moss 1,moss and liverwot,,
4,N,L,S,2,2022-09-09,moss 2,moss and liverwot,,
4,N,L,S,2,2022-09-09,liverwort,moss and liverwot,,
4,N,L,S,2,2022-09-09,stereocaulon,lichen,,
5,N,L,T,3,2022-09-09,betula nana,,50,
5,N,L,T,3,2022-09-09,crowberry,,75,
5,N,L,T,3,2022-09-09,odon,,25,
5,N,L,T,3,2022-09-09,ripbär,,,
5,N,L,T,3,2022-09-09,torsklav,lichen,10,
5,N,L,T,3,2022-09-09,liverwort,moss and liverwort,10,
5,N,L,T,3,2022-09-09,norrlandslav,lichen,,
5,N,L,T,3,2022-09-09,cetraria cucullata,lichen,,"not islandslav, it's the same genus though, could also be Cetraria nivalis"
5,N,L,T,3,2022-09-09,lingon,,10,
5,N,L,T,3,2022-09-09,renlav,lichen,,
5,N,L,T,3,2022-09-09,cladonia,lichen,,
5,N,L,T,3,2022-09-09,moss,moss and liverwort,,
5,N,L,T,3,2022-09-09,calamagrostis,,,almost dead
5,N,L,T,3,2022-09-09,lichen on birch,lichen,,
6,N,L,S,3,2022-09-09,crowberry,,80,
6,N,L,S,3,2022-09-09,betula nana,,5,
6,N,L,S,3,2022-09-09,lingon,,5,
6,N,L,S,3,2022-09-09,calamagrostis,,5,dead
6,N,L,S,3,2022-09-09,torsklav,lichen,,
6,N,L,S,3,2022-09-09,renlav,lichen,,
6,N,L,S,3,2022-09-09,moss ,moss and liverwort,,
6,N,L,S,3,2022-09-09,cladonia,lichen,,
6,N,L,S,3,2022-09-09,liverwort,moss and liverwort,,
6,N,L,S,3,2022-09-09,odon,,,
6,N,L,S,3,2022-09-09,dotted O lichen,lichen,,
7,N,L,C,1,2022-09-09,norrlandslav,lichen,60,
7,N,L,C,1,2022-09-09,crowberry,,15,
7,N,L,C,1,2022-09-09,lingon,,5,
7,N,L,C,1,2022-09-09,moss 1,moss and liverwort,10,"dry plot, very hard to tell amount species of moss"
7,N,L,C,1,2022-09-09,moss 2,moss and liverwort,,
7,N,L,C,1,2022-09-09,renlav,lichen,,
7,N,L,C,1,2022-09-09,calamagrostis,,10,
7,N,L,C,1,2022-09-09,stereocaulon,lichen,,
7,N,L,C,1,2022-09-09,moss 3,moss and liverwort,,
7,N,L,C,1,2022-09-09,dotted O lichen,lichen,,
7,N,L,C,1,2022-09-09,liverwort,moss and liverwort,,
7,N,L,C,1,2022-09-09,betula nana,,,
7,N,L,C,1,2022-09-09,nephroma expallidum,lichen,,
8,N,L,C,2,2022-09-09,norrlandslav,lichen,40,
8,N,L,C,2,2022-09-09,crowberry,,25,
8,N,L,C,2,2022-09-09,betula nana,,10,
8,N,L,C,2,2022-09-09,lingon,,10,
8,N,L,C,2,2022-09-09,equisetum pratense,,,
8,N,L,C,2,2022-09-09,calamagrostis,,,
8,N,L,C,2,2022-09-09,cladonia,lichen,,
8,N,L,C,2,2022-09-09,renlav,lichen,,
8,N,L,C,2,2022-09-09,blueberry,,5,
8,N,L,C,2,2022-09-09,stereocaulon,lichen,,
8,N,L,C,2,2022-09-09,moss 1,moss and liverwort,50,"mostly dead moss, hard to tell amount species of moss"
8,N,L,C,2,2022-09-09,liverwort,moss and liverwort,,
8,N,L,C,2,2022-09-09,krypljung,,5,
8,N,L,C,2,2022-09-09,moss 2,moss and liverwort,,
8,N,L,C,2,2022-09-09,nephroma expallidum,lichen,,
9,N,L,C,3,2022-09-09,crowberry,,20,
9,N,L,C,3,2022-09-09,lingon,,20,
9,N,L,C,3,2022-09-09,betula nana,,5,
9,N,L,C,3,2022-09-09,calamagrostis,,5,
9,N,L,C,3,2022-09-09,norrlandslav,lichen,60,
9,N,L,C,3,2022-09-09,renlav,lichen,,
9,N,L,C,3,2022-09-09,rosling,,,
9,N,L,C,3,2022-09-09,cladonia,lichen,,
9,N,L,C,3,2022-09-09,moss,moss and liverwort,40,dry and dark mosses. hard to tell amunt species of moss
9,N,L,C,3,2022-09-09,nephroma expallidum,lichen,,
9,N,L,C,3,2022-09-09,dotted O lichen,lichen,,
9,N,L,C,3,2022-09-09,liverwort,moss and liverwort,,
9,N,L,C,3,2022-09-09,cetraria cucullata,lichen,,"not islandslav, it's the same genus though, could also be Cetraria nivalis"
9,N,L,C,3,2022-09-09,torsklav,lichen,,
9,N,L,C,3,2022-09-09,odon,,,
24,K,LM,S,1,2022-09-08,kruståtel,graminoid,5,
24,K,LM,S,1,2022-09-08,crowberry,,50,
24,K,LM,S,1,2022-09-08,blueberry,,5,
24,K,LM,S,1,2022-09-08,riplummer,,,
24,K,LM,S,1,2022-09-08,dvärgvide,,15,
24,K,LM,S,1,2022-09-08,norrlandslav,lichen,,
24,K,LM,S,1,2022-09-08,renlav,lichen,,
24,K,LM,S,1,2022-09-08,stereocaulon,lichen,,
24,K,LM,S,1,2022-09-08,klynnetåg,graminoid,,
24,K,LM,S,1,2022-09-08,cladonia,lichen,,
24,K,LM,S,1,2022-09-08,lappljung,,,
24,K,LM,S,1,2022-09-08,liverwort,moss and liverwort,,
24,K,LM,S,1,2022-09-08,moss 1,moss and liverwort,,
24,K,LM,S,1,2022-09-08,moss 2,moss and liverwort,70,
24,K,LM,S,1,2022-09-08,dotted O lichen,lichen,,
25,K,LM,T,3,2022-09-08,betula nana,,90,
25,K,LM,T,3,2022-09-08,crowberry,,35,
25,K,LM,T,3,2022-09-08,kruståtel,,30,
25,K,LM,T,3,2022-09-08,lappljung,,35,
25,K,LM,T,3,2022-09-08,blueberry,,,
25,K,LM,T,3,2022-09-08,cladonia,lichen,,
25,K,LM,T,3,2022-09-08,norrlandslav,lichen,,
25,K,LM,T,3,2022-09-08,liverwort,moss and liverwort,85,
25,K,LM,T,3,2022-09-08,dvärgvide,,,
25,K,LM,T,3,2022-09-08,moss,moss and liverwort,,
26,K,LM,S,2,2022-09-08,styvstarr,,,
26,K,LM,S,2,2022-09-08,norrlandslav,lichen,,
26,K,LM,S,2,2022-09-08,blueberry,,60,
26,K,LM,S,2,2022-09-08,crowberry,,50,
26,K,LM,S,2,2022-09-08,kruståtel,,,
26,K,LM,S,2,2022-09-08,lappljung,,50,
26,K,LM,S,2,2022-09-08,betula nana,,5,
26,K,LM,S,2,2022-09-08,lingon,,,
26,K,LM,S,2,2022-09-08,stereocaulon,lichen,,
26,K,LM,S,2,2022-09-08,liverwort,moss and liverwort,,
26,K,LM,S,2,2022-09-08,renlav,lichen,,
26,K,LM,S,2,2022-09-08,moss 1,moss and liverwort,,
26,K,LM,S,2,2022-09-08,moss 2,moss and liverwort,,
26,K,LM,S,2,2022-09-08,moss 3,moss and liverwort,90,
27,K,LM,S,3,2022-09-08,betula nana,,,
27,K,LM,S,3,2022-09-08,odon,,20,
27,K,LM,S,3,2022-09-08,crowberry,,70,
27,K,LM,S,3,2022-09-08,lingon,,,
27,K,LM,S,3,2022-09-08,norrlandslav,lichen,,
27,K,LM,S,3,2022-09-08,dvärgvide,,,
27,K,LM,S,3,2022-09-08,cladonia,lichen,10,
27,K,LM,S,3,2022-09-08,stereocaulon,lichen,,
27,K,LM,S,3,2022-09-08,renlav,lichen,,
27,K,LM,S,3,2022-09-08,moss 1,moss and liverwort,,
27,K,LM,S,3,2022-09-08,moss 2,moss and liverwort,,
27,K,LM,S,3,2022-09-08,moss 3,moss and liverwort,,
27,K,LM,S,3,2022-09-08,moss 4,moss and liverwort,70,
28,K,LM,C,3,2022-09-08,stereocaulon,lichen,60,
28,K,LM,C,3,2022-09-08,cladonia,lichen,,
28,K,LM,C,3,2022-09-08,klynnetåg,graminoid,,
28,K,LM,C,3,2022-09-08,dvärgvide,,5,
28,K,LM,C,3,2022-09-08,blueberry,,,
28,K,LM,C,3,2022-09-08,kruståtel,,,
28,K,LM,C,3,2022-09-08,liverwort,moss and liverwort,,
28,K,LM,C,3,2022-09-08,renlav,lichen,,
28,K,LM,C,3,2022-09-08,moss 1,moss and liverwort,,
28,K,LM,C,3,2022-09-08,moss 2,moss and liverwort,40,
28,K,LM,C,3,2022-09-08,betula nana,,,
28,K,LM,C,3,2022-09-08,styvstarr,graminoid,10,
28,K,LM,C,3,2022-09-08,lingon,,,
29,K,M,S,1,2022-09-08,betula nana,,,
29,K,M,S,1,2022-09-08,crowberry,,85,
29,K,M,S,1,2022-09-08,ripbär,,5,
29,K,M,S,1,2022-09-08,lingon,,,
29,K,M,S,1,2022-09-08,norrlandslav,lichen,,
29,K,M,S,1,2022-09-08,renlav,lichen,,
29,K,M,S,1,2022-09-08,stereocaulon,lichen,15,
29,K,M,S,1,2022-09-08,odon,,,
29,K,M,S,1,2022-09-08,cladonia,lichen,,
29,K,M,S,1,2022-09-08,cloudberry,,,
29,K,M,S,1,2022-09-08,liverwort,moss and liverwort,,
29,K,M,S,1,2022-09-08,moss 1,moss and liverwort,,
29,K,M,S,1,2022-09-08,moss 2,moss and liverwort,,
29,K,M,S,1,2022-09-08,moss 3,moss and liverwort,60,
30,K,M,S,2,2022-09-08,crowberry,,70,
30,K,M,S,2,2022-09-08,betula nana,,,
30,K,M,S,2,2022-09-08,ripbär,,20,
30,K,M,S,2,2022-09-08,lingon,,,
30,K,M,S,2,2022-09-08,cloudberry,,,
30,K,M,S,2,2022-09-08,renlav,lichen,,
30,K,M,S,2,2022-09-08,norrlandslav,lichen,25,
30,K,M,S,2,2022-09-08,liverwort,moss and liverwort,,
30,K,M,S,2,2022-09-08,cetraria cucullata,lichen,,"not islandslav, it's the same genus though, could also be Cetraria nivalis"
30,K,M,S,2,2022-09-08,stereocaulon,lichen,,
30,K,M,S,2,2022-09-08,moss 1,moss and liverwort,,
30,K,M,S,2,2022-09-08,moss 2,moss and liverwort,,
30,K,M,S,2,2022-09-08,moss 3,moss and liverwort,60,
30,K,M,S,2,2022-09-08,nephroma expallidum,lichen ,,
31,K,M,C,1,2022-09-08,liverwort 1,moss and liverwort,,
31,K,M,C,1,2022-09-08,liverwort 2,moss and liverwort,,
31,K,M,C,1,2022-09-08,stereocaulon,lichen,,
31,K,M,C,1,2022-09-08,norrlandslav,lichen,35,
31,K,M,C,1,2022-09-08,nephroma expallidum,lichen,,
31,K,M,C,1,2022-09-08,cladonia,lichen,,
31,K,M,C,1,2022-09-08,renlav,lichen,,
31,K,M,C,1,2022-09-08,lingon,,,
31,K,M,C,1,2022-09-08,crowberry,,,
31,K,M,C,1,2022-09-08,odon,,,
31,K,M,C,1,2022-09-08,betula nana,,,
31,K,M,C,1,2022-09-08,moss,moss and liverwort,40,
32,K,M,T,1,2022-09-08,betula nana,,80,
32,K,M,T,1,2022-09-08,lingon,,,
32,K,M,T,1,2022-09-08,crowberry,,15,
32,K,M,T,1,2022-09-08,cloudberry,,,
32,K,M,T,1,2022-09-08,cladonia,lichen,,
32,K,M,T,1,2022-09-08,renlav,lichen,,
32,K,M,T,1,2022-09-08,stereocaulon,lichen,,
32,K,M,T,1,2022-09-08,odon,,,
32,K,M,T,1,2022-09-08,ripbär,,,
32,K,M,T,1,2022-09-08,norrlandslav,lichen,5,
32,K,M,T,1,2022-09-08,cetraria cucullata,lichen,,"not islandslav, it's the same genus though, could also be Cetraria nivalis"
32,K,M,T,1,2022-09-08,liverwort,moss and liverwort,,
32,K,M,T,1,2022-09-08,moss 1,moss and liverwort,,
32,K,M,T,1,2022-09-08,moss 2,moss and liverwort,,
32,K,M,T,1,2022-09-08,moss 3,moss and liverwort,95,
33,K,M,S,3,2022-09-08,crowberry,,95,
33,K,M,S,3,2022-09-08,lingon,,10,
33,K,M,S,3,2022-09-08,odon,,10,
33,K,M,S,3,2022-09-08,cloudberry,,,
33,K,M,S,3,2022-09-08,ripbär,,,
33,K,M,S,3,2022-09-08,liverwort,moss and liverwort,,
33,K,M,S,3,2022-09-08,stereocaulon,lichen,,
33,K,M,S,3,2022-09-08,norrlandslav,lichen,,
33,K,M,S,3,2022-09-08,cetraria cucullata,lichen,,"not islandslav, it's the same genus though, could also be Cetraria nivalis"
33,K,M,S,3,2022-09-08,renlav,lichen,,
33,K,M,S,3,2022-09-08,betula nana,,,
33,K,M,S,3,2022-09-08,moss 1,moss and liverwort,,
33,K,M,S,3,2022-09-08,moss 2,moss and liverwort,60,
33,K,M,S,3,2022-09-08,cladonia,lichen,,
34,K,M,C,2,2022-09-08,stereocaulon,lichen,,
34,K,M,C,2,2022-09-08,lingon,,5,
34,K,M,C,2,2022-09-08,cloudberry,,,
34,K,M,C,2,2022-09-08,odon,,,
34,K,M,C,2,2022-09-08,betula nana,,5,
34,K,M,C,2,2022-09-08,crowberry,,5,
34,K,M,C,2,2022-09-08,norrlandslav,lichen,60,
34,K,M,C,2,2022-09-08,renlav,lichen,,
34,K,M,C,2,2022-09-08,ripbär,,,
34,K,M,C,2,2022-09-08,moss 1,moss and liverwort,,
34,K,M,C,2,2022-09-08,moss 2,moss and liverwort,,
34,K,M,C,2,2022-09-08,moss 3,moss and liverwort,40,
34,K,M,C,2,2022-09-08,nephroma expallidum,lichen,,
34,K,M,C,2,2022-09-08,liverwort,moss and liverwort,,
35,K,M,T,2,2022-09-08,betula nana,,60,
35,K,M,T,2,2022-09-08,crowberry,,60,
35,K,M,T,2,2022-09-08,lingon,,40,
35,K,M,T,2,2022-09-08,cloudberry,,20,
35,K,M,T,2,2022-09-08,stereocaulon,lichen ,,
35,K,M,T,2,2022-09-08,renlav,lichen,,
35,K,M,T,2,2022-09-08,cladonia,lichen,10,
35,K,M,T,2,2022-09-08,norrlandslav,lichen,,
35,K,M,T,2,2022-09-08,odon,,,
35,K,M,T,2,2022-09-08,ripbär,,,
35,K,M,T,2,2022-09-08,liverwort,moss and liverwort,,
35,K,M,T,2,2022-09-08,moss 1,moss and liverwort,,
35,K,M,T,2,2022-09-08,moss 2,moss and liverwort,,
35,K,M,T,2,2022-09-08,moss 3,moss and liverwort,70,
36,K,M,T,3,2022-09-08,betula nana,,85,
36,K,M,T,3,2022-09-08,lingon,,30,
36,K,M,T,3,2022-09-08,stereocaulon,lichen,,
36,K,M,T,3,2022-09-08,renlav,lichen,,
36,K,M,T,3,2022-09-08,cloudberry,,,
36,K,M,T,3,2022-09-08,crowberry,,,
36,K,M,T,3,2022-09-08,norrlandslav,lichen,15,
36,K,M,T,3,2022-09-08,nephroma expallidum,lichen,,
36,K,M,T,3,2022-09-08,cladonia,lichen,,
36,K,M,T,3,2022-09-08,liverwort,moss and liverwort,,
36,K,M,T,3,2022-09-08,moss 1,moss and liverwort,,
36,K,M,T,3,2022-09-08,moss 2,moss and liverwort,,
36,K,M,T,3,2022-09-08,moss 3,moss and liverwort,95,
37,K,M,C,3,2022-09-08,navellav,lichen,,
37,K,M,C,3,2022-09-08,renlav,lichen,,
37,K,M,C,3,2022-09-08,cetraria cucullata,lichen,,"not islandslav, it's the same genus though, could also be Cetraria nivalis"
37,K,M,C,3,2022-09-08,cladonia,lichen,80,
37,K,M,C,3,2022-09-08,ripbär,,10,
37,K,M,C,3,2022-09-08,lingon,,10,
37,K,M,C,3,2022-09-08,betula nana,,5,
37,K,M,C,3,2022-09-08,crowberry,,5,
37,K,M,C,3,2022-09-08,odon,,,
37,K,M,C,3,2022-09-08,cloudberry,,,dead leaf
37,K,M,C,3,2022-09-08,stereocaulon,lichen,,
37,K,M,C,3,2022-09-08,kartlav,lichen,,on rock
37,K,M,C,3,2022-09-08,bubbly lichen,lichen,,ochrolechia frigida
37,K,M,C,3,2022-09-08,vindlav,lichen,,"on rock, white with red/brown growths"
37,K,M,C,3,2022-09-08,moss 1,moss and liverwort,,
37,K,M,C,3,2022-09-08,moss 2,moss and liverwort,,
37,K,M,C,3,2022-09-08,liverwort,moss and liverwort,,
38,K,MH,S,1,2022-09-08,crowberry,,90,
38,K,MH,S,1,2022-09-08,betula nana,,15,
38,K,MH,S,1,2022-09-08,norrlandslav,lichen,,
38,K,MH,S,1,2022-09-08,odon,,10,
38,K,MH,S,1,2022-09-08,liverwort,moss and liverwort,,
38,K,MH,S,1,2022-09-08,stereocaulon,lichen,20,
38,K,MH,S,1,2022-09-08,renlav,lichen,,
38,K,MH,S,1,2022-09-08,cladonia,lichen,,
38,K,MH,S,1,2022-09-08,cloudberry,,,
38,K,MH,S,1,2022-09-08,bubbly lichen,lichen,,ochrolechia frigida
38,K,MH,S,1,2022-09-08,nephroma expallidum,lichen,,
38,K,MH,S,1,2022-09-08,cetraria cucullata,lichen,,"not islandslav, it's the same genus though, could also be Cetraria nivalis"
38,K,MH,S,1,2022-09-08,dvärgvide,,,
38,K,MH,S,1,2022-09-08,lingon,,,
38,K,MH,S,1,2022-09-08,moss 1,moss and liverwort,,
38,K,MH,S,1,2022-09-08,moss 2,moss and liverwort,,
38,K,MH,S,1,2022-09-08,moss 3,moss and liverwort,,
38,K,MH,S,1,2022-09-08,moss 4,moss and liverwort,75,
38,K,MH,S,1,2022-09-08,torsklav,lichen,,
39,K,MH,T,1,2022-09-08,betula nana,,75,
39,K,MH,T,1,2022-09-08,hönsbär,,10,
39,K,MH,T,1,2022-09-08,crowberry,,60,
39,K,MH,T,1,2022-09-08,lingon,,10,
39,K,MH,T,1,2022-09-08,renlav,lichen,,
39,K,MH,T,1,2022-09-08,norrlandslav,lichen,,
39,K,MH,T,1,2022-09-08,torsklav,lichen,,
39,K,MH,T,1,2022-09-08,cloudberry,,,
39,K,MH,T,1,2022-09-08,stereocaulon,lichen,,
39,K,MH,T,1,2022-09-08,cladonia,lichen,,
39,K,MH,T,1,2022-09-08,cetraria cucullata,lichen,,"not islandslav, it's the same genus though, could also be Cetraria nivalis"
39,K,MH,T,1,2022-09-08,odon,,,
39,K,MH,T,1,2022-09-08,liverwort,moss and liverwort,90,
39,K,MH,T,1,2022-09-08,moss 1,moss and liverwort,,
39,K,MH,T,1,2022-09-08,moss 2,moss and liverwort,,
39,K,MH,T,1,2022-09-08,moss 3,moss and liverwort,,
39,K,MH,T,1,2022-09-08,moss 4,moss and liverwort,,"hus, kvast, vägg, björn"
40,K,MH,C,1,2022-09-08,crowberry,,10,
40,K,MH,C,1,2022-09-08,lingon,,,
40,K,MH,C,1,2022-09-08,betula nana,,10,
40,K,MH,C,1,2022-09-08,saffranslav,lichen,,
40,K,MH,C,1,2022-09-08,stereocaulon,lichen,,
40,K,MH,C,1,2022-09-08,odon,,5,
40,K,MH,C,1,2022-09-08,renlav,lichen,,
40,K,MH,C,1,2022-09-08,cetraria cucullata,lichen,,"not islandslav, it's the same genus though, could also be Cetraria nivalis"
40,K,MH,C,1,2022-09-08,krypljung,,,
40,K,MH,C,1,2022-09-08,cladonia,lichen,35,
40,K,MH,C,1,2022-09-08,fjällgröna,,,
40,K,MH,C,1,2022-09-08,kartlav,lichen,,on rock
40,K,MH,C,1,2022-09-08,moss 1,moss and liverwort,,
40,K,MH,C,1,2022-09-08,moss 2,moss and liverwort,,
40,K,MH,C,1,2022-09-08,moss 3,moss and liverwort,,
40,K,MH,C,1,2022-09-08,moss 4,moss and liverwort,40,
40,K,MH,C,1,2022-09-08,lichen orange,lichen ,,
40,K,MH,C,1,2022-09-08,dvärgvide,,,
40,K,MH,C,1,2022-09-08,liverwort,moss and liverwort,,
41,K,MH,C,2,2022-09-08,betula nana,,5,
41,K,MH,C,2,2022-09-08,crowberry,,10,
41,K,MH,C,2,2022-09-08,ripbär,,5,
41,K,MH,C,2,2022-09-08,lingon,,5,
41,K,MH,C,2,2022-09-08,cladonia,lichen,60,
41,K,MH,C,2,2022-09-08,dvärgvide,,,
41,K,MH,C,2,2022-09-08,renlav,lichen,,
41,K,MH,C,2,2022-09-08,cetraria cucullata,lichen,,"not islandslav, it's the same genus though, could also be Cetraria nivalis"
41,K,MH,C,2,2022-09-08,odon,,10,
41,K,MH,C,2,2022-09-08,krypljung,,,
41,K,MH,C,2,2022-09-08,kartlav,lichen,,on rock
41,K,MH,C,2,2022-09-08,lichen orange ,lichen,,
41,K,MH,C,2,2022-09-08,liverwort,moss and liverwort,60,
41,K,MH,C,2,2022-09-08,moss 1,moss and liverwort,,
41,K,MH,C,2,2022-09-08,moss 2,moss and liverwort,,
42,K,MH,S,2,2022-09-08,crowberry,,90,
42,K,MH,S,2,2022-09-08,betula nana,,15,
42,K,MH,S,2,2022-09-08,cloudberry,,5,
42,K,MH,S,2,2022-09-08,stereocaulon,lichen,,
42,K,MH,S,2,2022-09-08,norrlandslav,lichen,,
42,K,MH,S,2,2022-09-08,renlav,lichen,,
42,K,MH,S,2,2022-09-08,odon,,10,
42,K,MH,S,2,2022-09-08,lingon,,5,
42,K,MH,S,2,2022-09-08,torsklav,lichen,,
42,K,MH,S,2,2022-09-08,liverwort,moss and liverwort,80,
42,K,MH,S,2,2022-09-08,moss 1,moss and liverwort,,
42,K,MH,S,2,2022-09-08,moss 2,moss and liverwort,,
42,K,MH,S,2,2022-09-08,moss 3,moss and liverwort,,
42,K,MH,S,2,2022-09-08,moss 4,moss and liverwort,,
42,K,MH,S,2,2022-09-08,cetraria cucullata,lichen,,"not islandslav, it's the same genus though, could also be Cetraria nivalis"
43,K,MH,T,2,2022-09-08,betula nana,,85,
43,K,MH,T,2,2022-09-08,lingon,,20,
43,K,MH,T,2,2022-09-08,crowberry,,70,
43,K,MH,T,2,2022-09-08,norrlandslav,lichen,,
43,K,MH,T,2,2022-09-08,cloudberry,,,
43,K,MH,T,2,2022-09-08,odon,,5,
43,K,MH,T,2,2022-09-08,moss 1,moss and liverwort,,
43,K,MH,T,2,2022-09-08,moss 2,moss and liverwort,,
43,K,MH,T,2,2022-09-08,moss 3,moss and liverwort,,
43,K,MH,T,2,2022-09-08,moss 4,moss and liverwort,60,
43,K,MH,T,2,2022-09-08,stereocaulon,lichen,,
43,K,MH,T,2,2022-09-08,cladonia,lichen,,
43,K,MH,T,2,2022-09-08,renlav,lichen,5,
43,K,MH,T,2,2022-09-08,liverwort,moss and liverwort,,
43,K,MH,T,2,2022-09-08,calamagrostis,,,
44,K,MH,C,3,2022-09-08,crowberry,,10,
44,K,MH,C,3,2022-09-08,styvstar,,,
44,K,MH,C,3,2022-09-08,norrlandslav,lichen,,
44,K,MH,C,3,2022-09-08,stereocaulon,lichen,,
44,K,MH,C,3,2022-09-08,odon,,,
44,K,MH,C,3,2022-09-08,lingon,,,
44,K,MH,C,3,2022-09-08,ripbär,,,
44,K,MH,C,3,2022-09-08,liverwort 1,moss and liverwort,,
44,K,MH,C,3,2022-09-08,liverwort 2,moss and liverwort,,
44,K,MH,C,3,2022-09-08,renlav,lichen,60,
44,K,MH,C,3,2022-09-08,cetraria cucullata,lichen,,"not islandslav, it's the same genus though, could also be Cetraria nivalis"
44,K,MH,C,3,2022-09-08,betula nana,,,
44,K,MH,C,3,2022-09-08,moss 1,moss and liverwort,,
44,K,MH,C,3,2022-09-08,moss 2,moss and liverwort,60,
44,K,MH,C,3,2022-09-08,moss 3,moss and liverwort,,
45,K,MH,T,3,2022-09-08,betula nana,,70,
45,K,MH,T,3,2022-09-08,styvstarr,,5,
45,K,MH,T,3,2022-09-08,lingon,,80,
45,K,MH,T,3,2022-09-08,renlav,lichen,5,
45,K,MH,T,3,2022-09-08,cladonia,lichen,,
45,K,MH,T,3,2022-09-08,stereocaulon,lichen,,
45,K,MH,T,3,2022-09-08,liverwort 1,moss and liverwort,,
45,K,MH,T,3,2022-09-08,liverwort 2,moss and liverwort,,
45,K,MH,T,3,2022-09-08,cetraria cucullata,lichen,,"not islandslav, it's the same genus though, could also be Cetraria nivalis"
45,K,MH,T,3,2022-09-08,moss 1,moss and liverwort,60,
45,K,MH,T,3,2022-09-08,moss 2,moss and liverwort,,
45,K,MH,T,3,2022-09-08,moss 3,moss and liverwort,,
11,K,L,C,1,2022-09-08,liverwort,moss and liverwort,20,
11,K,L,C,1,2022-09-08,stereocaulon,lichen,70,
11,K,L,C,1,2022-09-08,norrlandslav,lichen,,
11,K,L,C,1,2022-09-08,cladonia,lichen,,
11,K,L,C,1,2022-09-08,renlav,lichen,,
11,K,L,C,1,2022-09-08,odon,,,
11,K,L,C,1,2022-09-08,lingon,,,
11,K,L,C,1,2022-09-08,crowberry,,,
11,K,L,C,1,2022-09-08,betula nana,,,
11,K,L,C,1,2022-09-08,cetraria cucullata,lichen,,"not islandslav, it's the same genus though, could also be Cetraria nivalis"
11,K,L,C,1,2022-09-08,moss 1,moss and liverwort,,
11,K,L,C,1,2022-09-08,moss 2,moss and liverwort,,
11,K,L,C,1,2022-09-08,moss 3,moss and liverwort,,
12,K,L,C,2,2022-09-08,liverwort 1,moss and liverwort,60,
12,K,L,C,2,2022-09-08,liverwort 2,moss and liverwort,,
12,K,L,C,2,2022-09-08,renlav,lichen,35,
12,K,L,C,2,2022-09-08,stereocaulon,lichen,,
12,K,L,C,2,2022-09-08,crowberry,,,
12,K,L,C,2,2022-09-08,betula nana,,20,pretty dead
12,K,L,C,2,2022-09-08,lingon,,,
12,K,L,C,2,2022-09-08,odon,,,
12,K,L,C,2,2022-09-08,moss 1,moss and liverwort,,
12,K,L,C,2,2022-09-08,moss 2,moss and liverwort,,
12,K,L,C,2,2022-09-08,cladonia,lichen,,
12,K,L,C,2,2022-09-08,styvstarr,,,
13,K,L,T,1,2022-09-08,betula nana,,80,
13,K,L,T,1,2022-09-08,lingon,,,
13,K,L,T,1,2022-09-08,crowberry,,,
13,K,L,T,1,2022-09-08,renlav,lichen,5,
13,K,L,T,1,2022-09-08,ripbär,,,
13,K,L,T,1,2022-09-08,cladonia,lichen,,
13,K,L,T,1,2022-09-08,moss 1,moss and liverwort,90,
13,K,L,T,1,2022-09-08,moss 2,moss and liverwort,,
13,K,L,T,1,2022-09-08,moss 3,moss and liverwort,,
13,K,L,T,1,2022-09-08,nephroma expallidum,lichen,,
13,K,L,T,1,2022-09-08,liverwort,moss and liverwort,,
14,K,L,T,2,2022-09-08,norrlandslav,lichen,,
14,K,L,T,2,2022-09-08,liverwort,moss and liverwort,80,
14,K,L,T,2,2022-09-08,moss1,moss and liverwort,,
14,K,L,T,2,2022-09-08,moss 2,moss and liverwort,,
14,K,L,T,2,2022-09-08,renlav,lichen,,
14,K,L,T,2,2022-09-08,lingon,,30,
14,K,L,T,2,2022-09-08,betula nana,,70,
14,K,L,T,2,2022-09-08,stereocaulon,lichen,,
14,K,L,T,2,2022-09-08,crowberry,,,
15,K,L,T,3,2022-09-08,betula nana,,60,
15,K,L,T,3,2022-09-08,lingon,,15,
15,K,L,T,3,2022-09-08,crowberry,,50,
15,K,L,T,3,2022-09-08,cladonia,lichen,,
15,K,L,T,3,2022-09-08,renlav,lichen,,
15,K,L,T,3,2022-09-08,styvstarr,,,
15,K,L,T,3,2022-09-08,stereocaulon,lichen,,
15,K,L,T,3,2022-09-08,liverwort,moss and liverwort,30,
15,K,L,T,3,2022-09-08,moss 1,moss and liverwort,,"at this site always kvast, vägg och drvarg-bjorn"
15,K,L,T,3,2022-09-08,moss 2,moss and liverwort,,
15,K,L,T,3,2022-09-08,moss 3,moss and liverwort,,
16,K,L,S,1,2022-09-08,crowberry,,60,
16,K,L,S,1,2022-09-08,lingon,,,
16,K,L,S,1,2022-09-08,odon,,,
16,K,L,S,1,2022-09-08,betula nana,,,
16,K,L,S,1,2022-09-08,stereocaulon,lichen,10,
16,K,L,S,1,2022-09-08,liverwort 1,moss and liverwort,50,
16,K,L,S,1,2022-09-08,liverwort 2,moss and liverwort,,
16,K,L,S,1,2022-09-08,renlav,lichen,,
16,K,L,S,1,2022-09-08,styvstarr,,,
16,K,L,S,1,2022-09-08,moss,moss and liverwort,,
17,K,L,C,3,2022-09-08,crowberry,,10,
17,K,L,C,3,2022-09-08,odon,,,
17,K,L,C,3,2022-09-08,lingon,,,
17,K,L,C,3,2022-09-08,styvstarr,,,
17,K,L,C,3,2022-09-08,cladonia,lichen,80,
17,K,L,C,3,2022-09-08,norrlandslav,lichen,,
17,K,L,C,3,2022-09-08,renlav,lichen,,
17,K,L,C,3,2022-09-08,stereocaulon,lichen,,
17,K,L,C,3,2022-09-08,moss 1,moss and liverwort,15,
17,K,L,C,3,2022-09-08,moss 2,moss and liverwort,,
17,K,L,C,3,2022-09-08,moss 3,moss and liverwort,,
17,K,L,C,3,2022-09-08,liverwort,moss and liverwort,,
18,K,L,S,2,2022-09-08,crowberry,,25,
18,K,L,S,2,2022-09-08,blueberry,,25,
18,K,L,S,2,2022-09-08,lingon,,,
18,K,L,S,2,2022-09-08,odon,,10,
18,K,L,S,2,2022-09-08,stereocaulon,lichen,15,
18,K,L,S,2,2022-09-08,liverwort,moss and liverwort,50,
18,K,L,S,2,2022-09-08,renlav,lichen,,
18,K,L,S,2,2022-09-08,styvstarr,,,
18,K,L,S,2,2022-09-08,betula nana,,,
18,K,L,S,2,2022-09-08,moss 1,moss and liverwort,,
18,K,L,S,2,2022-09-08,moss 2,moss and liverwort,,
18,K,L,S,2,2022-09-08,cladonia,lichen,,
19,K,L,S,3,2022-09-08,kruståtel,,,
19,K,L,S,3,2022-09-08,styvstarr,,,
19,K,L,S,3,2022-09-08,blueberry,,30,
19,K,L,S,3,2022-09-08,crowberry,,50,
19,K,L,S,3,2022-09-08,odon,,20,
19,K,L,S,3,2022-09-08,stereocaulon,lichen,15,
19,K,L,S,3,2022-09-08,renlav,lichen,,
19,K,L,S,3,2022-09-08,liverwort,moss and liverwort,80,
19,K,L,S,3,2022-09-08,dvärgvide,,,
19,K,L,S,3,2022-09-08,lingon,,,
19,K,L,S,3,2022-09-08,moss 1,moss and liverwort,,
19,K,L,S,3,2022-09-08,moss 2,moss and liverwort,,
20,K,LM,T,1,2022-09-08,betula nana,,75,lots of stems
20,K,LM,T,1,2022-09-08,crowberry,,5,
20,K,LM,T,1,2022-09-08,lingon,,,
20,K,LM,T,1,2022-09-08,kruståtel,,,no stems
20,K,LM,T,1,2022-09-08,cladonia,lichen,,
20,K,LM,T,1,2022-09-08,blueberry,,,
20,K,LM,T,1,2022-09-08,renlav,lichen,,
20,K,LM,T,1,2022-09-08,stereocaulon,lichen,,
20,K,LM,T,1,2022-09-08,dvärgvide,,,
20,K,LM,T,1,2022-09-08,norrlandslav,lichen,,
20,K,LM,T,1,2022-09-08,liverwort,moss and liverwort,90,lots
20,K,LM,T,1,2022-09-08,moss 1,moss and liverwort,,
20,K,LM,T,1,2022-09-08,moss 2,moss and liverwort,,
20,K,LM,T,1,2022-09-08,lappljung,,,
21,K,LM,C,1,2022-09-08,kruståtel,,,
21,K,LM,C,1,2022-09-08,lappljung,,10,
21,K,LM,C,1,2022-09-08,blueberry,,,
21,K,LM,C,1,2022-09-08,dvärgvide,,,
21,K,LM,C,1,2022-09-08,stereocaulon,lichen,40,
21,K,LM,C,1,2022-09-08,crowberry,,,
21,K,LM,C,1,2022-09-08,betula nana,,,
21,K,LM,C,1,2022-09-08,cetraria cucullata,lichen,,"not islandslav, it's the same genus though, could also be Cetraria nivalis"
21,K,LM,C,1,2022-09-08,cladonia,lichen,,
21,K,LM,C,1,2022-09-08,mossljung,,,
21,K,LM,C,1,2022-09-08,liverwort,moss and liverwort,40,
21,K,LM,C,1,2022-09-08,moss 1,moss and liverwort,,
21,K,LM,C,1,2022-09-08,moss 2,moss and liverwort,,
21,K,LM,C,1,2022-09-08,moss 3,moss and liverwort,,
22,K,LM,C,2,2022-09-08,lappljung,,,
22,K,LM,C,2,2022-09-08,crowberry,,,
22,K,LM,C,2,2022-09-08,mossljung,,10,
22,K,LM,C,2,2022-09-08,dvärgvide,,10,
22,K,LM,C,2,2022-09-08,cladonia,lichen,,
22,K,LM,C,2,2022-09-08,stereocaulon,lichen,,
22,K,LM,C,2,2022-09-08,blueberry,,,
22,K,LM,C,2,2022-09-08,spira,,,not sure which
22,K,LM,C,2,2022-09-08,cetraria cucullata,lichen,,"not islandslav, it's the same genus though, could also be Cetraria nivalis"
22,K,LM,C,2,2022-09-08,saffranslav,lichen,,
22,K,LM,C,2,2022-09-08,moss 1,moss and liverwort,90,
22,K,LM,C,2,2022-09-08,moss 2,moss and liverwort,,
22,K,LM,C,2,2022-09-08,kruståtel,,,
22,K,LM,C,2,2022-09-08,krypljung,,,
23,K,LM,T,2,2022-09-08,cetraria cucullata,lichen,,"not islandslav, it's the same genus though, could also be Cetraria nivalis"
23,K,LM,T,2,2022-09-08,cladonia,lichen,,
23,K,LM,T,2,2022-09-08,betula nana,,80,
23,K,LM,T,2,2022-09-08,renlav,lichen,,
23,K,LM,T,2,2022-09-08,stereocaulon,lichen,,
23,K,LM,T,2,2022-09-08,lappljung,,,
23,K,LM,T,2,2022-09-08,klynnetåg,,,
23,K,LM,T,2,2022-09-08,blueberry,,,
23,K,LM,T,2,2022-09-08,kruståtel,,,
23,K,LM,T,2,2022-09-08,mossljung,,,
23,K,LM,T,2,2022-09-08,dvärgvide,,,
23,K,LM,T,2,2022-09-08,crowberry,,,
23,K,LM,T,2,2022-09-08,saffranslav,lichen,,
23,K,LM,T,2,2022-09-08,liverwort,moss and liverwort,75,
23,K,LM,T,2,2022-09-08,moss 1,moss and liverwort,,
23,K,LM,T,2,2022-09-08,moss 2,moss and liverwort,,
23,K,LM,T,2,2022-09-08,krypljung,,,
23,K,LM,T,2,2022-09-08,nephroma expallidum,lichen,,